title,link,contact
دیجی خواننده تولد، عروسی،بعد از تالار،افتتاحیه,https://divar.ir/v/%D8%AF%DB%8C%D8%AC%DB%8C-%D8%AE%D9%88%D8%A7%D9%86%D9%86%D8%AF%D9%87-%D8%AA%D9%88%D9%84%D8%AF-%D8%B9%D8%B1%D9%88%D8%B3%DB%8C-%D8%A8%D8%B9%D8%AF-%D8%A7%D8%B2-%D8%AA%D8%A7%D9%84%D8%A7%D8%B1-%D8%A7%D9%81%D8%AA%D8%AA%D8%A7%D8%AD%DB%8C%D9%87/AZOLkhyo,
بارمن بارتندر میز مزه فینگرفود نوشیدنی تولد,https://divar.ir/v/%D8%A8%D8%A7%D8%B1%D9%85%D9%86-%D8%A8%D8%A7%D8%B1%D8%AA%D9%86%D8%AF%D8%B1-%D9%85%DB%8C%D8%B2-%D9%85%D8%B2%D9%87-%D9%81%DB%8C%D9%86%DA%AF%D8%B1%D9%81%D9%88%D8%AF-%D9%86%D9%88%D8%B4%DB%8C%D8%AF%D9%86%DB%8C-%D8%AA%D9%88%D9%84%D8%AF/gZNyvNIy,09124887008
اجاره سالن برگزاری ایونت ها و مراسم وتولد,https://divar.ir/v/%D8%A7%D8%AC%D8%A7%D8%B1%D9%87-%D8%B3%D8%A7%D9%84%D9%86-%D8%A8%D8%B1%DA%AF%D8%B2%D8%A7%D8%B1%DB%8C-%D8%A7%DB%8C%D9%88%D9%86%D8%AA-%D9%87%D8%A7-%D9%88-%D9%85%D8%B1%D8%A7%D8%B3%D9%85-%D9%88%D8%AA%D9%88%D9%84%D8%AF/wZQtprJQ,09127091783
پک هدیه ولنتاین / روز زن / هدیه تولد,https://divar.ir/v/%D9%BE%DA%A9-%D9%87%D8%AF%DB%8C%D9%87-%D9%88%D9%84%D9%86%D8%AA%D8%A7%DB%8C%D9%86-%D8%B1%D9%88%D8%B2-%D8%B2%D9%86-%D9%87%D8%AF%DB%8C%D9%87-%D8%AA%D9%88%D9%84%D8%AF/wZetMq6d,
اجاره سالن اجتماعات تولد نامزدی عقد عروسی و...,https://divar.ir/v/%D8%A7%D8%AC%D8%A7%D8%B1%D9%87-%D8%B3%D8%A7%D9%84%D9%86-%D8%A7%D8%AC%D8%AA%D9%85%D8%A7%D8%B9%D8%A7%D8%AA-%D8%AA%D9%88%D9%84%D8%AF-%D9%86%D8%A7%D9%85%D8%B2%D8%AF%DB%8C-%D8%B9%D9%82%D8%AF-%D8%B9%D8%B1%D9%88%D8%B3%DB%8C-%D9%88/wZWN-hVq,09123217840
فینگر فود . تولد. مهمونی.,https://divar.ir/v/%D9%81%DB%8C%D9%86%DA%AF%D8%B1-%D9%81%D9%88%D8%AF-%D8%AA%D9%88%D9%84%D8%AF-%D9%85%D9%87%D9%85%D9%88%D9%86%DB%8C/wZelcCAf,
دیجی خانم تولدکودکdj/بادکنک ارایی,https://divar.ir/v/%D8%AF%DB%8C%D8%AC%DB%8C-%D8%AE%D8%A7%D9%86%D9%85-%D8%AA%D9%88%D9%84%D8%AF%DA%A9%D9%88%D8%AF%DA%A9dj-%D8%A8%D8%A7%D8%AF%DA%A9%D9%86%DA%A9-%D8%A7%D8%B1%D8%A7%DB%8C%DB%8C/QZa_h4zD,09300970310
بادکنک تولد,https://divar.ir/v/%D8%A8%D8%A7%D8%AF%DA%A9%D9%86%DA%A9-%D8%AA%D9%88%D9%84%D8%AF/wZeh8-wF,
باغ تالار.تشریفات مجالس باغ تالار.تولد.عروسی.دی جی,https://divar.ir/v/%D8%A8%D8%A7%D8%BA-%D8%AA%D8%A7%D9%84%D8%A7%D8%B1-%D8%AA%D8%B4%D8%B1%DB%8C%D9%81%D8%A7%D8%AA-%D9%85%D8%AC%D8%A7%D9%84%D8%B3-%D8%A8%D8%A7%D8%BA-%D8%AA%D8%A7%D9%84%D8%A7%D8%B1-%D8%AA%D9%88%D9%84%D8%AF-%D8%B9%D8%B1%D9%88%D8%B3%DB%8C-%D8%AF%DB%8C-%D8%AC%DB%8C/QZzLETc9,09123893570
ظروف کرایه /تولد/عروسی/بادکنک ارایی,https://divar.ir/v/%D8%B8%D8%B1%D9%88%D9%81-%DA%A9%D8%B1%D8%A7%DB%8C%D9%87-%D8%AA%D9%88%D9%84%D8%AF-%D8%B9%D8%B1%D9%88%D8%B3%DB%8C-%D8%A8%D8%A7%D8%AF%DA%A9%D9%86%DA%A9-%D8%A7%D8%B1%D8%A7%DB%8C%DB%8C/wZRJ11dR,09124641145
بوکت بادکنک تولدبسیار شیک و زیبا,https://divar.ir/v/%D8%A8%D9%88%DA%A9%D8%AA-%D8%A8%D8%A7%D8%AF%DA%A9%D9%86%DA%A9-%D8%AA%D9%88%D9%84%D8%AF%D8%A8%D8%B3%DB%8C%D8%A7%D8%B1-%D8%B4%DB%8C%DA%A9-%D9%88-%D8%B2%DB%8C%D8%A8%D8%A7/wZed8sT-,
برگزاری. صفر تا ۱۰۰ تولد. نامزدی,https://divar.ir/v/%D8%A8%D8%B1%DA%AF%D8%B2%D8%A7%D8%B1%DB%8C-%D8%B5%D9%81%D8%B1-%D8%AA%D8%A7-%DB%B1%DB%B0%DB%B0-%D8%AA%D9%88%D9%84%D8%AF-%D9%86%D8%A7%D9%85%D8%B2%D8%AF%DB%8C/wZ0QIaY5,09211064670
لوازم تولد قدیمی . خز پارتی,https://divar.ir/v/%D9%84%D9%88%D8%A7%D8%B2%D9%85-%D8%AA%D9%88%D9%84%D8%AF-%D9%82%D8%AF%DB%8C%D9%85%DB%8C-%D8%AE%D8%B2-%D9%BE%D8%A7%D8%B1%D8%AA%DB%8C/wZed8WT7,
کیک تولدخانگی،کیک یلدای،کیک کافیشاپی،کاپ کیک،کیک,https://divar.ir/v/%DA%A9%DB%8C%DA%A9-%D8%AA%D9%88%D9%84%D8%AF%D8%AE%D8%A7%D9%86%DA%AF%DB%8C-%DA%A9%DB%8C%DA%A9-%DB%8C%D9%84%D8%AF%D8%A7%DB%8C-%DA%A9%DB%8C%DA%A9-%DA%A9%D8%A7%D9%81%DB%8C%D8%B4%D8%A7%D9%BE%DB%8C-%DA%A9%D8%A7%D9%BE-%DA%A9%DB%8C%DA%A9-%DA%A9%DB%8C%DA%A9/wZUZU8kt,09180514624
اجاره روزانه باغ ویلا استخردار ،تولد ،مراسم,https://divar.ir/v/%D8%A7%D8%AC%D8%A7%D8%B1%D9%87-%D8%B1%D9%88%D8%B2%D8%A7%D9%86%D9%87-%D8%A8%D8%A7%D8%BA-%D9%88%DB%8C%D9%84%D8%A7-%D8%A7%D8%B3%D8%AA%D8%AE%D8%B1%D8%AF%D8%A7%D8%B1-%D8%AA%D9%88%D9%84%D8%AF-%D9%85%D8%B1%D8%A7%D8%B3%D9%85/wZnsJYr5,09122056041
میز استوانه سه سایز کندی بار سوارز تولد رنگی,https://divar.ir/v/%D9%85%DB%8C%D8%B2-%D8%A7%D8%B3%D8%AA%D9%88%D8%A7%D9%86%D9%87-%D8%B3%D9%87-%D8%B3%D8%A7%DB%8C%D8%B2-%DA%A9%D9%86%D8%AF%DB%8C-%D8%A8%D8%A7%D8%B1-%D8%B3%D9%88%D8%A7%D8%B1%D8%B2-%D8%AA%D9%88%D9%84%D8%AF-%D8%B1%D9%86%DA%AF%DB%8C/QZldd6b5,09124180671
شمعهای فانتزی .جار وانواع گیفت تولد ونامزدی,https://divar.ir/v/%D8%B4%D9%85%D8%B9%D9%87%D8%A7%DB%8C-%D9%81%D8%A7%D9%86%D8%AA%D8%B2%DB%8C-%D8%AC%D8%A7%D8%B1-%D9%88%D8%A7%D9%86%D9%88%D8%A7%D8%B9-%DA%AF%DB%8C%D9%81%D8%AA-%D8%AA%D9%88%D9%84%D8%AF-%D9%88%D9%86%D8%A7%D9%85%D8%B2%D8%AF%DB%8C/wZe9ris8,09120242261
بادکنک تولد,https://divar.ir/v/%D8%A8%D8%A7%D8%AF%DA%A9%D9%86%DA%A9-%D8%AA%D9%88%D9%84%D8%AF/wZe5by1T,09104528252
دیجی Dj دی جی بارمن پکیج تولدعروسی‌خواننده,https://divar.ir/v/%D8%AF%DB%8C%D8%AC%DB%8C-dj-%D8%AF%DB%8C-%D8%AC%DB%8C-%D8%A8%D8%A7%D8%B1%D9%85%D9%86-%D9%BE%DA%A9%DB%8C%D8%AC-%D8%AA%D9%88%D9%84%D8%AF%D8%B9%D8%B1%D9%88%D8%B3%DB%8C-%D8%AE%D9%88%D8%A7%D9%86%D9%86%D8%AF%D9%87/gZDB0CZQ,09218056008
بادکنک ارایی تم تولد دیزاین جشن تولد دکورتولد,https://divar.ir/v/%D8%A8%D8%A7%D8%AF%DA%A9%D9%86%DA%A9-%D8%A7%D8%B1%D8%A7%DB%8C%DB%8C-%D8%AA%D9%85-%D8%AA%D9%88%D9%84%D8%AF-%D8%AF%DB%8C%D8%B2%D8%A7%DB%8C%D9%86-%D8%AC%D8%B4%D9%86-%D8%AA%D9%88%D9%84%D8%AF-%D8%AF%DA%A9%D9%88%D8%B1%D8%AA%D9%88%D9%84%D8%AF/wZep7GZY,09059258597
تالار عروسی عقد نامزدی تولد تشریفاتی قصر پردیس,https://divar.ir/v/%D8%AA%D8%A7%D9%84%D8%A7%D8%B1-%D8%B9%D8%B1%D9%88%D8%B3%DB%8C-%D8%B9%D9%82%D8%AF-%D9%86%D8%A7%D9%85%D8%B2%D8%AF%DB%8C-%D8%AA%D9%88%D9%84%D8%AF-%D8%AA%D8%B4%D8%B1%DB%8C%D9%81%D8%A7%D8%AA%DB%8C-%D9%82%D8%B5%D8%B1-%D9%BE%D8%B1%D8%AF%DB%8C%D8%B3/QZjfA_b-,09123255297
تولد شادکنک,https://divar.ir/v/%D8%AA%D9%88%D9%84%D8%AF-%D8%B4%D8%A7%D8%AF%DA%A9%D9%86%DA%A9/wZelbzDQ,09228605639
اجاره سالن اجتماعات تشریفات مراسم تولد عقد ورکشاپ,https://divar.ir/v/%D8%A7%D8%AC%D8%A7%D8%B1%D9%87-%D8%B3%D8%A7%D9%84%D9%86-%D8%A7%D8%AC%D8%AA%D9%85%D8%A7%D8%B9%D8%A7%D8%AA-%D8%AA%D8%B4%D8%B1%DB%8C%D9%81%D8%A7%D8%AA-%D9%85%D8%B1%D8%A7%D8%B3%D9%85-%D8%AA%D9%88%D9%84%D8%AF-%D8%B9%D9%82%D8%AF-%D9%88%D8%B1%DA%A9%D8%B4%D8%A7%D9%BE/QZdLrdD4,09122982095
اجاره سالن اجتماعات تشریفات مراسم تولد،نامزد,https://divar.ir/v/%D8%A7%D8%AC%D8%A7%D8%B1%D9%87-%D8%B3%D8%A7%D9%84%D9%86-%D8%A7%D8%AC%D8%AA%D9%85%D8%A7%D8%B9%D8%A7%D8%AA-%D8%AA%D8%B4%D8%B1%DB%8C%D9%81%D8%A7%D8%AA-%D9%85%D8%B1%D8%A7%D8%B3%D9%85-%D8%AA%D9%88%D9%84%D8%AF-%D9%86%D8%A7%D9%85%D8%B2%D8%AF/gZKuW4rf,
تشریفات مراسم تولد ،عقد و عروسی,https://divar.ir/v/%D8%AA%D8%B4%D8%B1%DB%8C%D9%81%D8%A7%D8%AA-%D9%85%D8%B1%D8%A7%D8%B3%D9%85-%D8%AA%D9%88%D9%84%D8%AF-%D8%B9%D9%82%D8%AF-%D9%88-%D8%B9%D8%B1%D9%88%D8%B3%DB%8C/wZFRpVM6,09354209778
اجاره باغ برای عقد و تولد,https://divar.ir/v/%D8%A7%D8%AC%D8%A7%D8%B1%D9%87-%D8%A8%D8%A7%D8%BA-%D8%A8%D8%B1%D8%A7%DB%8C-%D8%B9%D9%82%D8%AF-%D9%88-%D8%AA%D9%88%D9%84%D8%AF/QZ2G7YZv,09354209778
دیجی دی جی dj تولد مهمونی دورهمی DJ کافه آموزش,https://divar.ir/v/%D8%AF%DB%8C%D8%AC%DB%8C-%D8%AF%DB%8C-%D8%AC%DB%8C-dj-%D8%AA%D9%88%D9%84%D8%AF-%D9%85%D9%87%D9%85%D9%88%D9%86%DB%8C-%D8%AF%D9%88%D8%B1%D9%87%D9%85%DB%8C-dj-%DA%A9%D8%A7%D9%81%D9%87-%D8%A2%D9%85%D9%88%D8%B2%D8%B4/wZfM5C9I,09395555791
باغ ویلا دورهمی تولد,https://divar.ir/v/%D8%A8%D8%A7%D8%BA-%D9%88%DB%8C%D9%84%D8%A7-%D8%AF%D9%88%D8%B1%D9%87%D9%85%DB%8C-%D8%AA%D9%88%D9%84%D8%AF/gZXCf5Hc,
اجاره باند بلوتوثی و فلشخور پارتی باکس JBL تولد,https://divar.ir/v/%D8%A7%D8%AC%D8%A7%D8%B1%D9%87-%D8%A8%D8%A7%D9%86%D8%AF-%D8%A8%D9%84%D9%88%D8%AA%D9%88%D8%AB%DB%8C-%D9%88-%D9%81%D9%84%D8%B4%D8%AE%D9%88%D8%B1-%D9%BE%D8%A7%D8%B1%D8%AA%DB%8C-%D8%A8%D8%A7%DA%A9%D8%B3-jbl-%D8%AA%D9%88%D9%84%D8%AF/QZpX2P8L,09122983647
اجاره سالن اجتماعات تولد عقد عروسی نامزدی دورهمی,https://divar.ir/v/%D8%A7%D8%AC%D8%A7%D8%B1%D9%87-%D8%B3%D8%A7%D9%84%D9%86-%D8%A7%D8%AC%D8%AA%D9%85%D8%A7%D8%B9%D8%A7%D8%AA-%D8%AA%D9%88%D9%84%D8%AF-%D8%B9%D9%82%D8%AF-%D8%B9%D8%B1%D9%88%D8%B3%DB%8C-%D9%86%D8%A7%D9%85%D8%B2%D8%AF%DB%8C-%D8%AF%D9%88%D8%B1%D9%87%D9%85%DB%8C/wZ0UIHB4,09365103047
گل آرایی و بادکنک آرایی یلدا و تولد,https://divar.ir/v/%DA%AF%D9%84-%D8%A2%D8%B1%D8%A7%DB%8C%DB%8C-%D9%88-%D8%A8%D8%A7%D8%AF%DA%A9%D9%86%DA%A9-%D8%A2%D8%B1%D8%A7%DB%8C%DB%8C-%DB%8C%D9%84%D8%AF%D8%A7-%D9%88-%D8%AA%D9%88%D9%84%D8%AF/wZVxEzJ0,09195781281
گوسفند زنده** تولد نوزاد عقیقه عروسی نذری کم چربی,https://divar.ir/v/%DA%AF%D9%88%D8%B3%D9%81%D9%86%D8%AF-%D8%B2%D9%86%D8%AF%D9%87-%D8%AA%D9%88%D9%84%D8%AF-%D9%86%D9%88%D8%B2%D8%A7%D8%AF-%D8%B9%D9%82%DB%8C%D9%82%D9%87-%D8%B9%D8%B1%D9%88%D8%B3%DB%8C-%D9%86%D8%B0%D8%B1%DB%8C-%DA%A9%D9%85-%DA%86%D8%B1%D8%A8%DB%8C/wZvo5jkJ,09927743115
اجاره سالن تولد،عقدونامزدی،تولد کودک،بعد از تالاری,https://divar.ir/v/%D8%A7%D8%AC%D8%A7%D8%B1%D9%87-%D8%B3%D8%A7%D9%84%D9%86-%D8%AA%D9%88%D9%84%D8%AF-%D8%B9%D9%82%D8%AF%D9%88%D9%86%D8%A7%D9%85%D8%B2%D8%AF%DB%8C-%D8%AA%D9%88%D9%84%D8%AF-%DA%A9%D9%88%D8%AF%DA%A9-%D8%A8%D8%B9%D8%AF-%D8%A7%D8%B2-%D8%AA%D8%A7%D9%84%D8%A7%D8%B1%DB%8C/gZ4xAiur,09124788547
بادکنک آرایی افتتاحیه تولد و فینگر فودباتخفیف,https://divar.ir/v/%D8%A8%D8%A7%D8%AF%DA%A9%D9%86%DA%A9-%D8%A2%D8%B1%D8%A7%DB%8C%DB%8C-%D8%A7%D9%81%D8%AA%D8%AA%D8%A7%D8%AD%DB%8C%D9%87-%D8%AA%D9%88%D9%84%D8%AF-%D9%88-%D9%81%DB%8C%D9%86%DA%AF%D8%B1-%D9%81%D9%88%D8%AF%D8%A8%D8%A7%D8%AA%D8%AE%D9%81%DB%8C%D9%81/gZLQLIv2,09054252314
اجاره روزانه ویلا استخردار برای تولد و میهمانی,https://divar.ir/v/%D8%A7%D8%AC%D8%A7%D8%B1%D9%87-%D8%B1%D9%88%D8%B2%D8%A7%D9%86%D9%87-%D9%88%DB%8C%D9%84%D8%A7-%D8%A7%D8%B3%D8%AA%D8%AE%D8%B1%D8%AF%D8%A7%D8%B1-%D8%A8%D8%B1%D8%A7%DB%8C-%D8%AA%D9%88%D9%84%D8%AF-%D9%88-%D9%85%DB%8C%D9%87%D9%85%D8%A7%D9%86%DB%8C/gZrtyFff,
لباس پیراهن عروس تولد مجلسی مهمانی بچه کودک,https://divar.ir/v/%D9%84%D8%A8%D8%A7%D8%B3-%D9%BE%DB%8C%D8%B1%D8%A7%D9%87%D9%86-%D8%B9%D8%B1%D9%88%D8%B3-%D8%AA%D9%88%D9%84%D8%AF-%D9%85%D8%AC%D9%84%D8%B3%DB%8C-%D9%85%D9%87%D9%85%D8%A7%D9%86%DB%8C-%D8%A8%DA%86%D9%87-%DA%A9%D9%88%D8%AF%DA%A9/wZe5KbNJ,09120281307
بنر دیوار کوب ،هپی برتدی ،جشن تولد بچه کلاه تولد,https://divar.ir/v/%D8%A8%D9%86%D8%B1-%D8%AF%DB%8C%D9%88%D8%A7%D8%B1-%DA%A9%D9%88%D8%A8-%D9%87%D9%BE%DB%8C-%D8%A8%D8%B1%D8%AA%D8%AF%DB%8C-%D8%AC%D8%B4%D9%86-%D8%AA%D9%88%D9%84%D8%AF-%D8%A8%DA%86%D9%87-%DA%A9%D9%84%D8%A7%D9%87-%D8%AA%D9%88%D9%84%D8%AF/wZexqszE,09120281307
عضویت از زمان تولد پروژه,https://divar.ir/v/%D8%B9%D8%B6%D9%88%DB%8C%D8%AA-%D8%A7%D8%B2-%D8%B2%D9%85%D8%A7%D9%86-%D8%AA%D9%88%D9%84%D8%AF-%D9%BE%D8%B1%D9%88%DA%98%D9%87/wZXBu6tB,09221258167
روز مادر شب یلدا تولد ولنتاین,https://divar.ir/v/%D8%B1%D9%88%D8%B2-%D9%85%D8%A7%D8%AF%D8%B1-%D8%B4%D8%A8-%DB%8C%D9%84%D8%AF%D8%A7-%D8%AA%D9%88%D9%84%D8%AF-%D9%88%D9%84%D9%86%D8%AA%D8%A7%DB%8C%D9%86/wZel6XrA,
آشپزخانه نو نو برای کادو تولد نونو با کارتن,https://divar.ir/v/%D8%A2%D8%B4%D9%BE%D8%B2%D8%AE%D8%A7%D9%86%D9%87-%D9%86%D9%88-%D9%86%D9%88-%D8%A8%D8%B1%D8%A7%DB%8C-%DA%A9%D8%A7%D8%AF%D9%88-%D8%AA%D9%88%D9%84%D8%AF-%D9%86%D9%88%D9%86%D9%88-%D8%A8%D8%A7-%DA%A9%D8%A7%D8%B1%D8%AA%D9%86/wZeh6_ft,09128346057
مبل تولد کافه,https://divar.ir/v/%D9%85%D8%A8%D9%84-%D8%AA%D9%88%D9%84%D8%AF-%DA%A9%D8%A7%D9%81%D9%87/gZBTcuMn,
کیک کافه کافی شاپی کیک تولد خانگی کوکی کاپ کیک,https://divar.ir/v/%DA%A9%DB%8C%DA%A9-%DA%A9%D8%A7%D9%81%D9%87-%DA%A9%D8%A7%D9%81%DB%8C-%D8%B4%D8%A7%D9%BE%DB%8C-%DA%A9%DB%8C%DA%A9-%D8%AA%D9%88%D9%84%D8%AF-%D8%AE%D8%A7%D9%86%DA%AF%DB%8C-%DA%A9%D9%88%DA%A9%DB%8C-%DA%A9%D8%A7%D9%BE-%DA%A9%DB%8C%DA%A9/wZjkXM7R,
اجاره سالن اجتماعات عقد.عروسی.نامزدی.تولد.صیغه,https://divar.ir/v/%D8%A7%D8%AC%D8%A7%D8%B1%D9%87-%D8%B3%D8%A7%D9%84%D9%86-%D8%A7%D8%AC%D8%AA%D9%85%D8%A7%D8%B9%D8%A7%D8%AA-%D8%B9%D9%82%D8%AF-%D8%B9%D8%B1%D9%88%D8%B3%DB%8C-%D9%86%D8%A7%D9%85%D8%B2%D8%AF%DB%8C-%D8%AA%D9%88%D9%84%D8%AF-%D8%B5%DB%8C%D8%BA%D9%87/wZApHbJT,09124073611
باغ تالار عقد عروسی تولد تشریفات نامزدی بله برون,https://divar.ir/v/%D8%A8%D8%A7%D8%BA-%D8%AA%D8%A7%D9%84%D8%A7%D8%B1-%D8%B9%D9%82%D8%AF-%D8%B9%D8%B1%D9%88%D8%B3%DB%8C-%D8%AA%D9%88%D9%84%D8%AF-%D8%AA%D8%B4%D8%B1%DB%8C%D9%81%D8%A7%D8%AA-%D9%86%D8%A7%D9%85%D8%B2%D8%AF%DB%8C-%D8%A8%D9%84%D9%87-%D8%A8%D8%B1%D9%88%D9%86/gZnW28qU,09107604946
ظروف کرایه استند فینگر فود تولد حجله استند,https://divar.ir/v/%D8%B8%D8%B1%D9%88%D9%81-%DA%A9%D8%B1%D8%A7%DB%8C%D9%87-%D8%A7%D8%B3%D8%AA%D9%86%D8%AF-%D9%81%DB%8C%D9%86%DA%AF%D8%B1-%D9%81%D9%88%D8%AF-%D8%AA%D9%88%D9%84%D8%AF-%D8%AD%D8%AC%D9%84%D9%87-%D8%A7%D8%B3%D8%AA%D9%86%D8%AF/gZKPxKcA,09194001066
باغ تالار عروسی عقد نامزدی مراسم کوچک تولد ازدواج,https://divar.ir/v/%D8%A8%D8%A7%D8%BA-%D8%AA%D8%A7%D9%84%D8%A7%D8%B1-%D8%B9%D8%B1%D9%88%D8%B3%DB%8C-%D8%B9%D9%82%D8%AF-%D9%86%D8%A7%D9%85%D8%B2%D8%AF%DB%8C-%D9%85%D8%B1%D8%A7%D8%B3%D9%85-%DA%A9%D9%88%DA%86%DA%A9-%D8%AA%D9%88%D9%84%D8%AF-%D8%A7%D8%B2%D8%AF%D9%88%D8%A7%D8%AC/wXQ1mKo5,09121454389
اجاره سالن اجتماعات تولد عقد نامزدی بله برون ۵ t,https://divar.ir/v/%D8%A7%D8%AC%D8%A7%D8%B1%D9%87-%D8%B3%D8%A7%D9%84%D9%86-%D8%A7%D8%AC%D8%AA%D9%85%D8%A7%D8%B9%D8%A7%D8%AA-%D8%AA%D9%88%D9%84%D8%AF-%D8%B9%D9%82%D8%AF-%D9%86%D8%A7%D9%85%D8%B2%D8%AF%DB%8C-%D8%A8%D9%84%D9%87-%D8%A8%D8%B1%D9%88%D9%86-%DB%B5-t/wZXYZ-Sk,
تم تولد بادکنکارایی گل ارایی عددچراغ دار افتتاحیه,https://divar.ir/v/%D8%AA%D9%85-%D8%AA%D9%88%D9%84%D8%AF-%D8%A8%D8%A7%D8%AF%DA%A9%D9%86%DA%A9%D8%A7%D8%B1%D8%A7%DB%8C%DB%8C-%DA%AF%D9%84-%D8%A7%D8%B1%D8%A7%DB%8C%DB%8C-%D8%B9%D8%AF%D8%AF%DA%86%D8%B1%D8%A7%D8%BA-%D8%AF%D8%A7%D8%B1-%D8%A7%D9%81%D8%AA%D8%AA%D8%A7%D8%AD%DB%8C%D9%87/gZqkoiG2,09190830454
باغ تالار عروسی،عقد،نامزدی،تولد,https://divar.ir/v/%D8%A8%D8%A7%D8%BA-%D8%AA%D8%A7%D9%84%D8%A7%D8%B1-%D8%B9%D8%B1%D9%88%D8%B3%DB%8C-%D8%B9%D9%82%D8%AF-%D9%86%D8%A7%D9%85%D8%B2%D8%AF%DB%8C-%D8%AA%D9%88%D9%84%D8%AF/wZzEaOA1,09190366677
عروسی عمارت باغ ویلا نامزدی تولد عقد,https://divar.ir/v/%D8%B9%D8%B1%D9%88%D8%B3%DB%8C-%D8%B9%D9%85%D8%A7%D8%B1%D8%AA-%D8%A8%D8%A7%D8%BA-%D9%88%DB%8C%D9%84%D8%A7-%D9%86%D8%A7%D9%85%D8%B2%D8%AF%DB%8C-%D8%AA%D9%88%D9%84%D8%AF-%D8%B9%D9%82%D8%AF/gZphPXDm,
اجاره سالن اجتماعات و باغتالار تشریفات،تولد،عقد,https://divar.ir/v/%D8%A7%D8%AC%D8%A7%D8%B1%D9%87-%D8%B3%D8%A7%D9%84%D9%86-%D8%A7%D8%AC%D8%AA%D9%85%D8%A7%D8%B9%D8%A7%D8%AA-%D9%88-%D8%A8%D8%A7%D8%BA%D8%AA%D8%A7%D9%84%D8%A7%D8%B1-%D8%AA%D8%B4%D8%B1%DB%8C%D9%81%D8%A7%D8%AA-%D8%AA%D9%88%D9%84%D8%AF-%D8%B9%D9%82%D8%AF/gZgVq64M,09934256528
باغ تالار و تشریفات عروسی و نامزدی و تولد,https://divar.ir/v/%D8%A8%D8%A7%D8%BA-%D8%AA%D8%A7%D9%84%D8%A7%D8%B1-%D9%88-%D8%AA%D8%B4%D8%B1%DB%8C%D9%81%D8%A7%D8%AA-%D8%B9%D8%B1%D9%88%D8%B3%DB%8C-%D9%88-%D9%86%D8%A7%D9%85%D8%B2%D8%AF%DB%8C-%D9%88-%D8%AA%D9%88%D9%84%D8%AF/gZla_sI7,09129277361
باکس سبد دسته گل رز جاودان تولد نوزاد طبیعی مصنوعی,https://divar.ir/v/%D8%A8%D8%A7%DA%A9%D8%B3-%D8%B3%D8%A8%D8%AF-%D8%AF%D8%B3%D8%AA%D9%87-%DA%AF%D9%84-%D8%B1%D8%B2-%D8%AC%D8%A7%D9%88%D8%AF%D8%A7%D9%86-%D8%AA%D9%88%D9%84%D8%AF-%D9%86%D9%88%D8%B2%D8%A7%D8%AF-%D8%B7%D8%A8%DB%8C%D8%B9%DB%8C-%D9%85%D8%B5%D9%86%D9%88%D8%B9%DB%8C/AZIHNrkq,09333791083
دی جی Dj مراسم دیجی تولد,https://divar.ir/v/%D8%AF%DB%8C-%D8%AC%DB%8C-dj-%D9%85%D8%B1%D8%A7%D8%B3%D9%85-%D8%AF%DB%8C%D8%AC%DB%8C-%D8%AA%D9%88%D9%84%D8%AF/QYIvpKXE,09124764917
اجاره میز سوارز اجاره میز برای تولد،عقد(تشریفات),https://divar.ir/v/%D8%A7%D8%AC%D8%A7%D8%B1%D9%87-%D9%85%DB%8C%D8%B2-%D8%B3%D9%88%D8%A7%D8%B1%D8%B2-%D8%A7%D8%AC%D8%A7%D8%B1%D9%87-%D9%85%DB%8C%D8%B2-%D8%A8%D8%B1%D8%A7%DB%8C-%D8%AA%D9%88%D9%84%D8%AF-%D8%B9%D9%82%D8%AF-%D8%AA%D8%B4%D8%B1%DB%8C%D9%81%D8%A7%D8%AA/gZuK2xha,
بادکنک آرایی افتتاحیه تخصصی تم تولد عکاسی بوکت,https://divar.ir/v/%D8%A8%D8%A7%D8%AF%DA%A9%D9%86%DA%A9-%D8%A2%D8%B1%D8%A7%DB%8C%DB%8C-%D8%A7%D9%81%D8%AA%D8%AA%D8%A7%D8%AD%DB%8C%D9%87-%D8%AA%D8%AE%D8%B5%D8%B5%DB%8C-%D8%AA%D9%85-%D8%AA%D9%88%D9%84%D8%AF-%D8%B9%DA%A9%D8%A7%D8%B3%DB%8C-%D8%A8%D9%88%DA%A9%D8%AA/wZFN5OSG,09123860462
اجاره سفره خانه برای تولد و دورهمی و شب یلدا,https://divar.ir/v/%D8%A7%D8%AC%D8%A7%D8%B1%D9%87-%D8%B3%D9%81%D8%B1%D9%87-%D8%AE%D8%A7%D9%86%D9%87-%D8%A8%D8%B1%D8%A7%DB%8C-%D8%AA%D9%88%D9%84%D8%AF-%D9%88-%D8%AF%D9%88%D8%B1%D9%87%D9%85%DB%8C-%D9%88-%D8%B4%D8%A8-%DB%8C%D9%84%D8%AF%D8%A7/wZe5pJs7,09127338077
گردنبند تم تولد در رنگهای مختلف بصورت عمده,https://divar.ir/v/%DA%AF%D8%B1%D8%AF%D9%86%D8%A8%D9%86%D8%AF-%D8%AA%D9%85-%D8%AA%D9%88%D9%84%D8%AF-%D8%AF%D8%B1-%D8%B1%D9%86%DA%AF%D9%87%D8%A7%DB%8C-%D9%85%D8%AE%D8%AA%D9%84%D9%81-%D8%A8%D8%B5%D9%88%D8%B1%D8%AA-%D8%B9%D9%85%D8%AF%D9%87/wZe15boo,
اجاره سالن جهت نامزدی بله برون تولد دوره همی,https://divar.ir/v/%D8%A7%D8%AC%D8%A7%D8%B1%D9%87-%D8%B3%D8%A7%D9%84%D9%86-%D8%AC%D9%87%D8%AA-%D9%86%D8%A7%D9%85%D8%B2%D8%AF%DB%8C-%D8%A8%D9%84%D9%87-%D8%A8%D8%B1%D9%88%D9%86-%D8%AA%D9%88%D9%84%D8%AF-%D8%AF%D9%88%D8%B1%D9%87-%D9%87%D9%85%DB%8C/wZO1_ycr,09305030232
اجاره سالن اجتماعات تشریفات بله برون تولد عقد,https://divar.ir/v/%D8%A7%D8%AC%D8%A7%D8%B1%D9%87-%D8%B3%D8%A7%D9%84%D9%86-%D8%A7%D8%AC%D8%AA%D9%85%D8%A7%D8%B9%D8%A7%D8%AA-%D8%AA%D8%B4%D8%B1%DB%8C%D9%81%D8%A7%D8%AA-%D8%A8%D9%84%D9%87-%D8%A8%D8%B1%D9%88%D9%86-%D8%AA%D9%88%D9%84%D8%AF-%D8%B9%D9%82%D8%AF/wZd9RLL4,09124049290
اجاره سالن اجتماعات تولد بله برون عروسی عقد نامزدی,https://divar.ir/v/%D8%A7%D8%AC%D8%A7%D8%B1%D9%87-%D8%B3%D8%A7%D9%84%D9%86-%D8%A7%D8%AC%D8%AA%D9%85%D8%A7%D8%B9%D8%A7%D8%AA-%D8%AA%D9%88%D9%84%D8%AF-%D8%A8%D9%84%D9%87-%D8%A8%D8%B1%D9%88%D9%86-%D8%B9%D8%B1%D9%88%D8%B3%DB%8C-%D8%B9%D9%82%D8%AF-%D9%86%D8%A7%D9%85%D8%B2%D8%AF%DB%8C/gZ4eW9kw,09352605597
بادکنکآرایی،گل آرایی،دیزاین بله برون تولد،افتتاحیه,https://divar.ir/v/%D8%A8%D8%A7%D8%AF%DA%A9%D9%86%DA%A9%D8%A2%D8%B1%D8%A7%DB%8C%DB%8C-%DA%AF%D9%84-%D8%A2%D8%B1%D8%A7%DB%8C%DB%8C-%D8%AF%DB%8C%D8%B2%D8%A7%DB%8C%D9%86-%D8%A8%D9%84%D9%87-%D8%A8%D8%B1%D9%88%D9%86-%D8%AA%D9%88%D9%84%D8%AF-%D8%A7%D9%81%D8%AA%D8%AA%D8%A7%D8%AD%DB%8C%D9%87/wZUx4xRd,
شمع تولد,https://divar.ir/v/%D8%B4%D9%85%D8%B9-%D8%AA%D9%88%D9%84%D8%AF/wZedJ0Xn,
بنر تم تولد کاپیتان امریکا,https://divar.ir/v/%D8%A8%D9%86%D8%B1-%D8%AA%D9%85-%D8%AA%D9%88%D9%84%D8%AF-%DA%A9%D8%A7%D9%BE%DB%8C%D8%AA%D8%A7%D9%86-%D8%A7%D9%85%D8%B1%DB%8C%DA%A9%D8%A7/wZeVZ3uc,
اجاره سالن اجتماعات تولد نامزدی,https://divar.ir/v/%D8%A7%D8%AC%D8%A7%D8%B1%D9%87-%D8%B3%D8%A7%D9%84%D9%86-%D8%A7%D8%AC%D8%AA%D9%85%D8%A7%D8%B9%D8%A7%D8%AA-%D8%AA%D9%88%D9%84%D8%AF-%D9%86%D8%A7%D9%85%D8%B2%D8%AF%DB%8C/wZK1Oz3G,09127966225
عمارت باغ تالار عروسی تولد نامزدی عقدکنان,https://divar.ir/v/%D8%B9%D9%85%D8%A7%D8%B1%D8%AA-%D8%A8%D8%A7%D8%BA-%D8%AA%D8%A7%D9%84%D8%A7%D8%B1-%D8%B9%D8%B1%D9%88%D8%B3%DB%8C-%D8%AA%D9%88%D9%84%D8%AF-%D9%86%D8%A7%D9%85%D8%B2%D8%AF%DB%8C-%D8%B9%D9%82%D8%AF%DA%A9%D9%86%D8%A7%D9%86/wZRYx7lL,09121888823
چاپ شبانه روزی بنر کارت تراکت ترحیم تولد بوم شاسی,https://divar.ir/v/%DA%86%D8%A7%D9%BE-%D8%B4%D8%A8%D8%A7%D9%86%D9%87-%D8%B1%D9%88%D8%B2%DB%8C-%D8%A8%D9%86%D8%B1-%DA%A9%D8%A7%D8%B1%D8%AA-%D8%AA%D8%B1%D8%A7%DA%A9%D8%AA-%D8%AA%D8%B1%D8%AD%DB%8C%D9%85-%D8%AA%D9%88%D9%84%D8%AF-%D8%A8%D9%88%D9%85-%D8%B4%D8%A7%D8%B3%DB%8C/QYt_VEom,
بادکنک آرایی گل آرایی اجاره وسایل تم تولد جشن,https://divar.ir/v/%D8%A8%D8%A7%D8%AF%DA%A9%D9%86%DA%A9-%D8%A2%D8%B1%D8%A7%DB%8C%DB%8C-%DA%AF%D9%84-%D8%A2%D8%B1%D8%A7%DB%8C%DB%8C-%D8%A7%D8%AC%D8%A7%D8%B1%D9%87-%D9%88%D8%B3%D8%A7%DB%8C%D9%84-%D8%AA%D9%85-%D8%AA%D9%88%D9%84%D8%AF-%D8%AC%D8%B4%D9%86/QZxfje6o,
کاهش مخارج شما تولد عقد عروسی نامزدی دی جی دیجی dj,https://divar.ir/v/%DA%A9%D8%A7%D9%87%D8%B4-%D9%85%D8%AE%D8%A7%D8%B1%D8%AC-%D8%B4%D9%85%D8%A7-%D8%AA%D9%88%D9%84%D8%AF-%D8%B9%D9%82%D8%AF-%D8%B9%D8%B1%D9%88%D8%B3%DB%8C-%D9%86%D8%A7%D9%85%D8%B2%D8%AF%DB%8C-%D8%AF%DB%8C-%D8%AC%DB%8C-%D8%AF%DB%8C%D8%AC%DB%8C-dj/QZoz2yyJ,09224260964
اجاره سالن اجتماعات و باغتالار، تشریفات تولد عقد,https://divar.ir/v/%D8%A7%D8%AC%D8%A7%D8%B1%D9%87-%D8%B3%D8%A7%D9%84%D9%86-%D8%A7%D8%AC%D8%AA%D9%85%D8%A7%D8%B9%D8%A7%D8%AA-%D9%88-%D8%A8%D8%A7%D8%BA%D8%AA%D8%A7%D9%84%D8%A7%D8%B1-%D8%AA%D8%B4%D8%B1%DB%8C%D9%81%D8%A7%D8%AA-%D8%AA%D9%88%D9%84%D8%AF-%D8%B9%D9%82%D8%AF/gZNOhiib,
اجاره سالن اجتماعات و باغتالار تشریفات تولد و عقد,https://divar.ir/v/%D8%A7%D8%AC%D8%A7%D8%B1%D9%87-%D8%B3%D8%A7%D9%84%D9%86-%D8%A7%D8%AC%D8%AA%D9%85%D8%A7%D8%B9%D8%A7%D8%AA-%D9%88-%D8%A8%D8%A7%D8%BA%D8%AA%D8%A7%D9%84%D8%A7%D8%B1-%D8%AA%D8%B4%D8%B1%DB%8C%D9%81%D8%A7%D8%AA-%D8%AA%D9%88%D9%84%D8%AF-%D9%88-%D8%B9%D9%82%D8%AF/QZVm42mD,09211049297
بادکنک آرایی تولد و گل آرایی و افتتاحیه,https://divar.ir/v/%D8%A8%D8%A7%D8%AF%DA%A9%D9%86%DA%A9-%D8%A2%D8%B1%D8%A7%DB%8C%DB%8C-%D8%AA%D9%88%D9%84%D8%AF-%D9%88-%DA%AF%D9%84-%D8%A2%D8%B1%D8%A7%DB%8C%DB%8C-%D9%88-%D8%A7%D9%81%D8%AA%D8%AA%D8%A7%D8%AD%DB%8C%D9%87/gZiNa_X1,09120638464
اجاره سالن تولد اجتماعات تشریفات ۵میلیون با دیجی,https://divar.ir/v/%D8%A7%D8%AC%D8%A7%D8%B1%D9%87-%D8%B3%D8%A7%D9%84%D9%86-%D8%AA%D9%88%D9%84%D8%AF-%D8%A7%D8%AC%D8%AA%D9%85%D8%A7%D8%B9%D8%A7%D8%AA-%D8%AA%D8%B4%D8%B1%DB%8C%D9%81%D8%A7%D8%AA-%DB%B5%D9%85%DB%8C%D9%84%DB%8C%D9%88%D9%86-%D8%A8%D8%A7-%D8%AF%DB%8C%D8%AC%DB%8C/gZw2YXWL,09194587152
اجاره شبانه سالن میهمانی جشن تولد با پکیج,https://divar.ir/v/%D8%A7%D8%AC%D8%A7%D8%B1%D9%87-%D8%B4%D8%A8%D8%A7%D9%86%D9%87-%D8%B3%D8%A7%D9%84%D9%86-%D9%85%DB%8C%D9%87%D9%85%D8%A7%D9%86%DB%8C-%D8%AC%D8%B4%D9%86-%D8%AA%D9%88%D9%84%D8%AF-%D8%A8%D8%A7-%D9%BE%DA%A9%DB%8C%D8%AC/wZyYPsiP,09364601000
دیجی مراسمات 0تا 100 عروسی تولد و....,https://divar.ir/v/%D8%AF%DB%8C%D8%AC%DB%8C-%D9%85%D8%B1%D8%A7%D8%B3%D9%85%D8%A7%D8%AA-0%D8%AA%D8%A7-100-%D8%B9%D8%B1%D9%88%D8%B3%DB%8C-%D8%AA%D9%88%D9%84%D8%AF-%D9%88/gZBXZYcG,09128896981
اجاره تم‌ تولد کودک و‌استند و میز کیک,https://divar.ir/v/%D8%A7%D8%AC%D8%A7%D8%B1%D9%87-%D8%AA%D9%85-%D8%AA%D9%88%D9%84%D8%AF-%DA%A9%D9%88%D8%AF%DA%A9-%D9%88-%D8%A7%D8%B3%D8%AA%D9%86%D8%AF-%D9%88-%D9%85%DB%8C%D8%B2-%DA%A9%DB%8C%DA%A9/gZ4pDMOb,
گردنبند استیل رنگ ثابت ماه تولد فروردین,https://divar.ir/v/%DA%AF%D8%B1%D8%AF%D9%86%D8%A8%D9%86%D8%AF-%D8%A7%D8%B3%D8%AA%DB%8C%D9%84-%D8%B1%D9%86%DA%AF-%D8%AB%D8%A7%D8%A8%D8%AA-%D9%85%D8%A7%D9%87-%D8%AA%D9%88%D9%84%D8%AF-%D9%81%D8%B1%D9%88%D8%B1%D8%AF%DB%8C%D9%86/wZexYMpJ,09385186104
تشریفات تولد کودک شاد (ویژه پاییز),https://divar.ir/v/%D8%AA%D8%B4%D8%B1%DB%8C%D9%81%D8%A7%D8%AA-%D8%AA%D9%88%D9%84%D8%AF-%DA%A9%D9%88%D8%AF%DA%A9-%D8%B4%D8%A7%D8%AF-%D9%88%DB%8C%DA%98%D9%87-%D9%BE%D8%A7%DB%8C%DB%8C%D8%B2/wZ8kTU7G,09369626901
عقیقه عروسی تولد گوسفند نوزادخون ریختن زنده 24ساعت,https://divar.ir/v/%D8%B9%D9%82%DB%8C%D9%82%D9%87-%D8%B9%D8%B1%D9%88%D8%B3%DB%8C-%D8%AA%D9%88%D9%84%D8%AF-%DA%AF%D9%88%D8%B3%D9%81%D9%86%D8%AF-%D9%86%D9%88%D8%B2%D8%A7%D8%AF%D8%AE%D9%88%D9%86-%D8%B1%DB%8C%D8%AE%D8%AA%D9%86-%D8%B2%D9%86%D8%AF%D9%87-24%D8%B3%D8%A7%D8%B9%D8%AA/wZHo5DpL,09907677327
اجاره سالن تولد باغ تالار عروسی عقد جشن نامزدی,https://divar.ir/v/%D8%A7%D8%AC%D8%A7%D8%B1%D9%87-%D8%B3%D8%A7%D9%84%D9%86-%D8%AA%D9%88%D9%84%D8%AF-%D8%A8%D8%A7%D8%BA-%D8%AA%D8%A7%D9%84%D8%A7%D8%B1-%D8%B9%D8%B1%D9%88%D8%B3%DB%8C-%D8%B9%D9%82%D8%AF-%D8%AC%D8%B4%D9%86-%D9%86%D8%A7%D9%85%D8%B2%D8%AF%DB%8C/wZPpQ7UY,09935930470
دیجی، dj،موزیک، تولد،عروسی نامزدی,https://divar.ir/v/%D8%AF%DB%8C%D8%AC%DB%8C-dj-%D9%85%D9%88%D8%B2%DB%8C%DA%A9-%D8%AA%D9%88%D9%84%D8%AF-%D8%B9%D8%B1%D9%88%D8%B3%DB%8C-%D9%86%D8%A7%D9%85%D8%B2%D8%AF%DB%8C/wZo8X89Q,09213803463
اجاره سالن تولد،عروسی،نامزدی،تشریفات کامل,https://divar.ir/v/%D8%A7%D8%AC%D8%A7%D8%B1%D9%87-%D8%B3%D8%A7%D9%84%D9%86-%D8%AA%D9%88%D9%84%D8%AF-%D8%B9%D8%B1%D9%88%D8%B3%DB%8C-%D9%86%D8%A7%D9%85%D8%B2%D8%AF%DB%8C-%D8%AA%D8%B4%D8%B1%DB%8C%D9%81%D8%A7%D8%AA-%DA%A9%D8%A7%D9%85%D9%84/gZpfEwdO,09197628707
اجاره باغ خانوادگی جهت مراسم تولد و نامزدی,https://divar.ir/v/%D8%A7%D8%AC%D8%A7%D8%B1%D9%87-%D8%A8%D8%A7%D8%BA-%D8%AE%D8%A7%D9%86%D9%88%D8%A7%D8%AF%DA%AF%DB%8C-%D8%AC%D9%87%D8%AA-%D9%85%D8%B1%D8%A7%D8%B3%D9%85-%D8%AA%D9%88%D9%84%D8%AF-%D9%88-%D9%86%D8%A7%D9%85%D8%B2%D8%AF%DB%8C/wZchQ8pb,
باغ تالار تشریفات ،عمارت،سالن، عروسی نامزدی و تولد,https://divar.ir/v/%D8%A8%D8%A7%D8%BA-%D8%AA%D8%A7%D9%84%D8%A7%D8%B1-%D8%AA%D8%B4%D8%B1%DB%8C%D9%81%D8%A7%D8%AA-%D8%B9%D9%85%D8%A7%D8%B1%D8%AA-%D8%B3%D8%A7%D9%84%D9%86-%D8%B9%D8%B1%D9%88%D8%B3%DB%8C-%D9%86%D8%A7%D9%85%D8%B2%D8%AF%DB%8C-%D9%88-%D8%AA%D9%88%D9%84%D8%AF/QZiQlYKM,
تالار سینا، عروسی عقدکنان جشن تولد، ولیمه، ترحیم,https://divar.ir/v/%D8%AA%D8%A7%D9%84%D8%A7%D8%B1-%D8%B3%DB%8C%D9%86%D8%A7-%D8%B9%D8%B1%D9%88%D8%B3%DB%8C-%D8%B9%D9%82%D8%AF%DA%A9%D9%86%D8%A7%D9%86-%D8%AC%D8%B4%D9%86-%D8%AA%D9%88%D9%84%D8%AF-%D9%88%D9%84%DB%8C%D9%85%D9%87-%D8%AA%D8%B1%D8%AD%DB%8C%D9%85/wZT82hTs,09128877132
باغ تالار،تشریفات مجالس،عمارت،عقدوعروسی،تولد,https://divar.ir/v/%D8%A8%D8%A7%D8%BA-%D8%AA%D8%A7%D9%84%D8%A7%D8%B1-%D8%AA%D8%B4%D8%B1%DB%8C%D9%81%D8%A7%D8%AA-%D9%85%D8%AC%D8%A7%D9%84%D8%B3-%D8%B9%D9%85%D8%A7%D8%B1%D8%AA-%D8%B9%D9%82%D8%AF%D9%88%D8%B9%D8%B1%D9%88%D8%B3%DB%8C-%D8%AA%D9%88%D9%84%D8%AF/gZgqlHOp,
انجام تزئیات باکس گل ، شب چله ، تولد پول آرایی,https://divar.ir/v/%D8%A7%D9%86%D8%AC%D8%A7%D9%85-%D8%AA%D8%B2%D8%A6%DB%8C%D8%A7%D8%AA-%D8%A8%D8%A7%DA%A9%D8%B3-%DA%AF%D9%84-%D8%B4%D8%A8-%DA%86%D9%84%D9%87-%D8%AA%D9%88%D9%84%D8%AF-%D9%BE%D9%88%D9%84-%D8%A2%D8%B1%D8%A7%DB%8C%DB%8C/wZeVIirJ,09901951069
دیجی آقا و خانم .عروسی . تولد .دورهمی,https://divar.ir/v/%D8%AF%DB%8C%D8%AC%DB%8C-%D8%A2%D9%82%D8%A7-%D9%88-%D8%AE%D8%A7%D9%86%D9%85-%D8%B9%D8%B1%D9%88%D8%B3%DB%8C-%D8%AA%D9%88%D9%84%D8%AF-%D8%AF%D9%88%D8%B1%D9%87%D9%85%DB%8C/wZG9tRrY,09384374788
بارمن و بارتندر مهمونی و تولد با برند AD,https://divar.ir/v/%D8%A8%D8%A7%D8%B1%D9%85%D9%86-%D9%88-%D8%A8%D8%A7%D8%B1%D8%AA%D9%86%D8%AF%D8%B1-%D9%85%D9%87%D9%85%D9%88%D9%86%DB%8C-%D9%88-%D8%AA%D9%88%D9%84%D8%AF-%D8%A8%D8%A7-%D8%A8%D8%B1%D9%86%D8%AF-ad/wZXkNmp_,09393733750
اجاره سالن ، تم تولد ، خدمات جشن هاو مراسم ها,https://divar.ir/v/%D8%A7%D8%AC%D8%A7%D8%B1%D9%87-%D8%B3%D8%A7%D9%84%D9%86-%D8%AA%D9%85-%D8%AA%D9%88%D9%84%D8%AF-%D8%AE%D8%AF%D9%85%D8%A7%D8%AA-%D8%AC%D8%B4%D9%86-%D9%87%D8%A7%D9%88-%D9%85%D8%B1%D8%A7%D8%B3%D9%85-%D9%87%D8%A7/gZLCpWBA,09192607880
هدیه مناسب یلدا، روز مادر، روز زن ، تولد,https://divar.ir/v/%D9%87%D8%AF%DB%8C%D9%87-%D9%85%D9%86%D8%A7%D8%B3%D8%A8-%DB%8C%D9%84%D8%AF%D8%A7-%D8%B1%D9%88%D8%B2-%D9%85%D8%A7%D8%AF%D8%B1-%D8%B1%D9%88%D8%B2-%D8%B2%D9%86-%D8%AA%D9%88%D9%84%D8%AF/wZeB4JLZ,
گل بادکنک آرایی تولد نامزدی گلارایی بادکنکارایی,https://divar.ir/v/%DA%AF%D9%84-%D8%A8%D8%A7%D8%AF%DA%A9%D9%86%DA%A9-%D8%A2%D8%B1%D8%A7%DB%8C%DB%8C-%D8%AA%D9%88%D9%84%D8%AF-%D9%86%D8%A7%D9%85%D8%B2%D8%AF%DB%8C-%DA%AF%D9%84%D8%A7%D8%B1%D8%A7%DB%8C%DB%8C-%D8%A8%D8%A7%D8%AF%DA%A9%D9%86%DA%A9%D8%A7%D8%B1%D8%A7%DB%8C%DB%8C/gZfbfp_m,
بادکنک آرایی گل آرایی اجاره دکور تولد دکور نامزدی,https://divar.ir/v/%D8%A8%D8%A7%D8%AF%DA%A9%D9%86%DA%A9-%D8%A2%D8%B1%D8%A7%DB%8C%DB%8C-%DA%AF%D9%84-%D8%A2%D8%B1%D8%A7%DB%8C%DB%8C-%D8%A7%D8%AC%D8%A7%D8%B1%D9%87-%D8%AF%DA%A9%D9%88%D8%B1-%D8%AA%D9%88%D9%84%D8%AF-%D8%AF%DA%A9%D9%88%D8%B1-%D9%86%D8%A7%D9%85%D8%B2%D8%AF%DB%8C/gZayk8Uc,
اجاره سالن اجتماعات مراسم تولد،عقد،عروسی,https://divar.ir/v/%D8%A7%D8%AC%D8%A7%D8%B1%D9%87-%D8%B3%D8%A7%D9%84%D9%86-%D8%A7%D8%AC%D8%AA%D9%85%D8%A7%D8%B9%D8%A7%D8%AA-%D9%85%D8%B1%D8%A7%D8%B3%D9%85-%D8%AA%D9%88%D9%84%D8%AF-%D8%B9%D9%82%D8%AF-%D8%B9%D8%B1%D9%88%D8%B3%DB%8C/QZjByQ1T,09103219330
اجاره سالن اجتماعات مراسم تشریفات تولد نامزدی,https://divar.ir/v/%D8%A7%D8%AC%D8%A7%D8%B1%D9%87-%D8%B3%D8%A7%D9%84%D9%86-%D8%A7%D8%AC%D8%AA%D9%85%D8%A7%D8%B9%D8%A7%D8%AA-%D9%85%D8%B1%D8%A7%D8%B3%D9%85-%D8%AA%D8%B4%D8%B1%DB%8C%D9%81%D8%A7%D8%AA-%D8%AA%D9%88%D9%84%D8%AF-%D9%86%D8%A7%D9%85%D8%B2%D8%AF%DB%8C/QZyuFhDk,
بادکنک آرایی و اجاره بک گراند ومیز استوانه تم تولد,https://divar.ir/v/%D8%A8%D8%A7%D8%AF%DA%A9%D9%86%DA%A9-%D8%A2%D8%B1%D8%A7%DB%8C%DB%8C-%D9%88-%D8%A7%D8%AC%D8%A7%D8%B1%D9%87-%D8%A8%DA%A9-%DA%AF%D8%B1%D8%A7%D9%86%D8%AF-%D9%88%D9%85%DB%8C%D8%B2-%D8%A7%D8%B3%D8%AA%D9%88%D8%A7%D9%86%D9%87-%D8%AA%D9%85-%D8%AA%D9%88%D9%84%D8%AF/QYGN_h4I,09126408194
باغ تالارعروسی،تولد،نامزدی,https://divar.ir/v/%D8%A8%D8%A7%D8%BA-%D8%AA%D8%A7%D9%84%D8%A7%D8%B1%D8%B9%D8%B1%D9%88%D8%B3%DB%8C-%D8%AA%D9%88%D9%84%D8%AF-%D9%86%D8%A7%D9%85%D8%B2%D8%AF%DB%8C/wZgwqkVt,09216410835
فروش کلی تم تولد,https://divar.ir/v/%D9%81%D8%B1%D9%88%D8%B4-%DA%A9%D9%84%DB%8C-%D8%AA%D9%85-%D8%AA%D9%88%D9%84%D8%AF/wZe9mjfC,09357488645
اجرای مراسم تولد و جشن های شما,https://divar.ir/v/%D8%A7%D8%AC%D8%B1%D8%A7%DB%8C-%D9%85%D8%B1%D8%A7%D8%B3%D9%85-%D8%AA%D9%88%D9%84%D8%AF-%D9%88-%D8%AC%D8%B4%D9%86-%D9%87%D8%A7%DB%8C-%D8%B4%D9%85%D8%A7/wZe52tso,
باکس دسته گل فروشی رز تولد سالگرد ازدواج خواستگاری,https://divar.ir/v/%D8%A8%D8%A7%DA%A9%D8%B3-%D8%AF%D8%B3%D8%AA%D9%87-%DA%AF%D9%84-%D9%81%D8%B1%D9%88%D8%B4%DB%8C-%D8%B1%D8%B2-%D8%AA%D9%88%D9%84%D8%AF-%D8%B3%D8%A7%D9%84%DA%AF%D8%B1%D8%AF-%D8%A7%D8%B2%D8%AF%D9%88%D8%A7%D8%AC-%D8%AE%D9%88%D8%A7%D8%B3%D8%AA%DA%AF%D8%A7%D8%B1%DB%8C/wZKU3loh,
سفارش انواع کیک های تولد خونگی,https://divar.ir/v/%D8%B3%D9%81%D8%A7%D8%B1%D8%B4-%D8%A7%D9%86%D9%88%D8%A7%D8%B9-%DA%A9%DB%8C%DA%A9-%D9%87%D8%A7%DB%8C-%D8%AA%D9%88%D9%84%D8%AF-%D8%AE%D9%88%D9%86%DA%AF%DB%8C/wZ346Lzj,
بادکنک آرایی و گل آرایی اجاره تم وسایل جشن تولد,https://divar.ir/v/%D8%A8%D8%A7%D8%AF%DA%A9%D9%86%DA%A9-%D8%A2%D8%B1%D8%A7%DB%8C%DB%8C-%D9%88-%DA%AF%D9%84-%D8%A2%D8%B1%D8%A7%DB%8C%DB%8C-%D8%A7%D8%AC%D8%A7%D8%B1%D9%87-%D8%AA%D9%85-%D9%88%D8%B3%D8%A7%DB%8C%D9%84-%D8%AC%D8%B4%D9%86-%D8%AA%D9%88%D9%84%D8%AF/gZuEQ1ds,09037903958
باغ تالار،خدمات مجالس،عروسی،نامزدی،تشریفات عقدتولد,https://divar.ir/v/%D8%A8%D8%A7%D8%BA-%D8%AA%D8%A7%D9%84%D8%A7%D8%B1-%D8%AE%D8%AF%D9%85%D8%A7%D8%AA-%D9%85%D8%AC%D8%A7%D9%84%D8%B3-%D8%B9%D8%B1%D9%88%D8%B3%DB%8C-%D9%86%D8%A7%D9%85%D8%B2%D8%AF%DB%8C-%D8%AA%D8%B4%D8%B1%DB%8C%D9%81%D8%A7%D8%AA-%D8%B9%D9%82%D8%AF%D8%AA%D9%88%D9%84%D8%AF/wZAYOLDj,
تشریفات باغ تالار عروسی عقد نامزدی تولد,https://divar.ir/v/%D8%AA%D8%B4%D8%B1%DB%8C%D9%81%D8%A7%D8%AA-%D8%A8%D8%A7%D8%BA-%D8%AA%D8%A7%D9%84%D8%A7%D8%B1-%D8%B9%D8%B1%D9%88%D8%B3%DB%8C-%D8%B9%D9%82%D8%AF-%D9%86%D8%A7%D9%85%D8%B2%D8%AF%DB%8C-%D8%AA%D9%88%D9%84%D8%AF/wZehhI9t,09194608859
تشریفات پژال مجری مراسم های عروسی و تولد,https://divar.ir/v/%D8%AA%D8%B4%D8%B1%DB%8C%D9%81%D8%A7%D8%AA-%D9%BE%DA%98%D8%A7%D9%84-%D9%85%D8%AC%D8%B1%DB%8C-%D9%85%D8%B1%D8%A7%D8%B3%D9%85-%D9%87%D8%A7%DB%8C-%D8%B9%D8%B1%D9%88%D8%B3%DB%8C-%D9%88-%D8%AA%D9%88%D9%84%D8%AF/gZffn3qT,09124291707
بادکنک آرایی تولد,https://divar.ir/v/%D8%A8%D8%A7%D8%AF%DA%A9%D9%86%DA%A9-%D8%A2%D8%B1%D8%A7%DB%8C%DB%8C-%D8%AA%D9%88%D9%84%D8%AF/wZe5w4RS,09124105897
اجاره لیزرتولد.نور پردازی.نور رنگی مراسم(رقص نور),https://divar.ir/v/%D8%A7%D8%AC%D8%A7%D8%B1%D9%87-%D9%84%DB%8C%D8%B2%D8%B1%D8%AA%D9%88%D9%84%D8%AF-%D9%86%D9%88%D8%B1-%D9%BE%D8%B1%D8%AF%D8%A7%D8%B2%DB%8C-%D9%86%D9%88%D8%B1-%D8%B1%D9%86%DA%AF%DB%8C-%D9%85%D8%B1%D8%A7%D8%B3%D9%85-%D8%B1%D9%82%D8%B5-%D9%86%D9%88%D8%B1/gXvON7B4,09125579855
بنر تولد مرد عنکبوتی (اسپایدرمن),https://divar.ir/v/%D8%A8%D9%86%D8%B1-%D8%AA%D9%88%D9%84%D8%AF-%D9%85%D8%B1%D8%AF-%D8%B9%D9%86%DA%A9%D8%A8%D9%88%D8%AA%DB%8C-%D8%A7%D8%B3%D9%BE%D8%A7%DB%8C%D8%AF%D8%B1%D9%85%D9%86/wZelgckE,
لباس مناسب تولد وعروسی,https://divar.ir/v/%D9%84%D8%A8%D8%A7%D8%B3-%D9%85%D9%86%D8%A7%D8%B3%D8%A8-%D8%AA%D9%88%D9%84%D8%AF-%D9%88%D8%B9%D8%B1%D9%88%D8%B3%DB%8C/wZeZgAc2,09227836676
اجاره عدد چراغدار تولد و انواع وسایل مراسم تولد,https://divar.ir/v/%D8%A7%D8%AC%D8%A7%D8%B1%D9%87-%D8%B9%D8%AF%D8%AF-%DA%86%D8%B1%D8%A7%D8%BA%D8%AF%D8%A7%D8%B1-%D8%AA%D9%88%D9%84%D8%AF-%D9%88-%D8%A7%D9%86%D9%88%D8%A7%D8%B9-%D9%88%D8%B3%D8%A7%DB%8C%D9%84-%D9%85%D8%B1%D8%A7%D8%B3%D9%85-%D8%AA%D9%88%D9%84%D8%AF/QYjyr0ey,09125579855
تم تولد و ظروف کرایه ستاره,https://divar.ir/v/%D8%AA%D9%85-%D8%AA%D9%88%D9%84%D8%AF-%D9%88-%D8%B8%D8%B1%D9%88%D9%81-%DA%A9%D8%B1%D8%A7%DB%8C%D9%87-%D8%B3%D8%AA%D8%A7%D8%B1%D9%87/AZt7Q94K,09124865536
ساعت نماد سال تولد,https://divar.ir/v/%D8%B3%D8%A7%D8%B9%D8%AA-%D9%86%D9%85%D8%A7%D8%AF-%D8%B3%D8%A7%D9%84-%D8%AA%D9%88%D9%84%D8%AF/wZdhfbPR,09141466747
آتلیه عکس عروس و فیلم عروسی(فرمالیته،عقد،تولد),https://divar.ir/v/%D8%A2%D8%AA%D9%84%DB%8C%D9%87-%D8%B9%DA%A9%D8%B3-%D8%B9%D8%B1%D9%88%D8%B3-%D9%88-%D9%81%DB%8C%D9%84%D9%85-%D8%B9%D8%B1%D9%88%D8%B3%DB%8C-%D9%81%D8%B1%D9%85%D8%A7%D9%84%DB%8C%D8%AA%D9%87-%D8%B9%D9%82%D8%AF-%D8%AA%D9%88%D9%84%D8%AF/wZPEhVgx,09221415116
بادکنک تولد و دکور و تم تولد,https://divar.ir/v/%D8%A8%D8%A7%D8%AF%DA%A9%D9%86%DA%A9-%D8%AA%D9%88%D9%84%D8%AF-%D9%88-%D8%AF%DA%A9%D9%88%D8%B1-%D9%88-%D8%AA%D9%85-%D8%AA%D9%88%D9%84%D8%AF/wZdVP9uv,09056061926
تم تولد کوکوملون و بچه رئیس,https://divar.ir/v/%D8%AA%D9%85-%D8%AA%D9%88%D9%84%D8%AF-%DA%A9%D9%88%DA%A9%D9%88%D9%85%D9%84%D9%88%D9%86-%D9%88-%D8%A8%DA%86%D9%87-%D8%B1%D8%A6%DB%8C%D8%B3/wZdJv17U,09019821189
حکاکی عکس روی چوب با آتیش. هدیه تولد.کادو,https://divar.ir/v/%D8%AD%DA%A9%D8%A7%DA%A9%DB%8C-%D8%B9%DA%A9%D8%B3-%D8%B1%D9%88%DB%8C-%DA%86%D9%88%D8%A8-%D8%A8%D8%A7-%D8%A2%D8%AA%DB%8C%D8%B4-%D9%87%D8%AF%DB%8C%D9%87-%D8%AA%D9%88%D9%84%D8%AF-%DA%A9%D8%A7%D8%AF%D9%88/wZ_YUIKh,
بدو تولد تا یکسال وونیم,https://divar.ir/v/%D8%A8%D8%AF%D9%88-%D8%AA%D9%88%D9%84%D8%AF-%D8%AA%D8%A7-%DB%8C%DA%A9%D8%B3%D8%A7%D9%84-%D9%88%D9%88%D9%86%DB%8C%D9%85/wZdluy0-,
تم تولد یلدا,https://divar.ir/v/%D8%AA%D9%85-%D8%AA%D9%88%D9%84%D8%AF-%DB%8C%D9%84%D8%AF%D8%A7/wZdl-ihW,09375786106
سورپرایز تلفنی روز مادر و زن و تولد با اهنگ,https://divar.ir/v/%D8%B3%D9%88%D8%B1%D9%BE%D8%B1%D8%A7%DB%8C%D8%B2-%D8%AA%D9%84%D9%81%D9%86%DB%8C-%D8%B1%D9%88%D8%B2-%D9%85%D8%A7%D8%AF%D8%B1-%D9%88-%D8%B2%D9%86-%D9%88-%D8%AA%D9%88%D9%84%D8%AF-%D8%A8%D8%A7-%D8%A7%D9%87%D9%86%DA%AF/wZUl8ibU,09106530781
تم تولد کرومی,https://divar.ir/v/%D8%AA%D9%85-%D8%AA%D9%88%D9%84%D8%AF-%DA%A9%D8%B1%D9%88%D9%85%DB%8C/wZdhenA7,
تولدکودک وبزرگسال,https://divar.ir/v/%D8%AA%D9%88%D9%84%D8%AF%DA%A9%D9%88%D8%AF%DA%A9-%D9%88%D8%A8%D8%B2%D8%B1%DA%AF%D8%B3%D8%A7%D9%84/wZdNuTUO,09194070565
اجاره انواع میز تولد.میزمراسم,https://divar.ir/v/%D8%A7%D8%AC%D8%A7%D8%B1%D9%87-%D8%A7%D9%86%D9%88%D8%A7%D8%B9-%D9%85%DB%8C%D8%B2-%D8%AA%D9%88%D9%84%D8%AF-%D9%85%DB%8C%D8%B2%D9%85%D8%B1%D8%A7%D8%B3%D9%85/AYLdaZqS,09191754202
اجاره باغ تالار. سالن اجتماعات عروسی عقد تولد,https://divar.ir/v/%D8%A7%D8%AC%D8%A7%D8%B1%D9%87-%D8%A8%D8%A7%D8%BA-%D8%AA%D8%A7%D9%84%D8%A7%D8%B1-%D8%B3%D8%A7%D9%84%D9%86-%D8%A7%D8%AC%D8%AA%D9%85%D8%A7%D8%B9%D8%A7%D8%AA-%D8%B9%D8%B1%D9%88%D8%B3%DB%8C-%D8%B9%D9%82%D8%AF-%D8%AA%D9%88%D9%84%D8%AF/wZ74mwHd,
فیلمبرداری عکاسی عروسی فرمالیته تولد عقد نامزدی,https://divar.ir/v/%D9%81%DB%8C%D9%84%D9%85%D8%A8%D8%B1%D8%AF%D8%A7%D8%B1%DB%8C-%D8%B9%DA%A9%D8%A7%D8%B3%DB%8C-%D8%B9%D8%B1%D9%88%D8%B3%DB%8C-%D9%81%D8%B1%D9%85%D8%A7%D9%84%DB%8C%D8%AA%D9%87-%D8%AA%D9%88%D9%84%D8%AF-%D8%B9%D9%82%D8%AF-%D9%86%D8%A7%D9%85%D8%B2%D8%AF%DB%8C/gZ-0_ozL,09353074404
لباس دخترانه تولد,https://divar.ir/v/%D9%84%D8%A8%D8%A7%D8%B3-%D8%AF%D8%AE%D8%AA%D8%B1%D8%A7%D9%86%D9%87-%D8%AA%D9%88%D9%84%D8%AF/wZdZd2gv,
بارمن وبارتندر مهمونی و مراسم های تولد بابرند ADM,https://divar.ir/v/%D8%A8%D8%A7%D8%B1%D9%85%D9%86-%D9%88%D8%A8%D8%A7%D8%B1%D8%AA%D9%86%D8%AF%D8%B1-%D9%85%D9%87%D9%85%D9%88%D9%86%DB%8C-%D9%88-%D9%85%D8%B1%D8%A7%D8%B3%D9%85-%D9%87%D8%A7%DB%8C-%D8%AA%D9%88%D9%84%D8%AF-%D8%A8%D8%A7%D8%A8%D8%B1%D9%86%D8%AF-adm/wZdNNZG9,09014034263
لباس تولد ست مادر و کودک,https://divar.ir/v/%D9%84%D8%A8%D8%A7%D8%B3-%D8%AA%D9%88%D9%84%D8%AF-%D8%B3%D8%AA-%D9%85%D8%A7%D8%AF%D8%B1-%D9%88-%DA%A9%D9%88%D8%AF%DA%A9/wZdNtxh8,
اجاره سالن اجتماعات تولد ،تولد کودک ،ورکشاپ,https://divar.ir/v/%D8%A7%D8%AC%D8%A7%D8%B1%D9%87-%D8%B3%D8%A7%D9%84%D9%86-%D8%A7%D8%AC%D8%AA%D9%85%D8%A7%D8%B9%D8%A7%D8%AA-%D8%AA%D9%88%D9%84%D8%AF-%D8%AA%D9%88%D9%84%D8%AF-%DA%A9%D9%88%D8%AF%DA%A9-%D9%88%D8%B1%DA%A9%D8%B4%D8%A7%D9%BE/wZdJMTjn,
فیلمبرداری و عکاسی تولد و مراسم,https://divar.ir/v/%D9%81%DB%8C%D9%84%D9%85%D8%A8%D8%B1%D8%AF%D8%A7%D8%B1%DB%8C-%D9%88-%D8%B9%DA%A9%D8%A7%D8%B3%DB%8C-%D8%AA%D9%88%D9%84%D8%AF-%D9%88-%D9%85%D8%B1%D8%A7%D8%B3%D9%85/wZCpqpRx,09123236322
شمع کاپکیک،شمع کیک،گیفت شمع،هدیه،کادو تولد,https://divar.ir/v/%D8%B4%D9%85%D8%B9-%DA%A9%D8%A7%D9%BE%DA%A9%DB%8C%DA%A9-%D8%B4%D9%85%D8%B9-%DA%A9%DB%8C%DA%A9-%DA%AF%DB%8C%D9%81%D8%AA-%D8%B4%D9%85%D8%B9-%D9%87%D8%AF%DB%8C%D9%87-%DA%A9%D8%A7%D8%AF%D9%88-%D8%AA%D9%88%D9%84%D8%AF/wZdtsUM-,
فروش گوسفند زنده عروسی و تولد نوزاد,https://divar.ir/v/%D9%81%D8%B1%D9%88%D8%B4-%DA%AF%D9%88%D8%B3%D9%81%D9%86%D8%AF-%D8%B2%D9%86%D8%AF%D9%87-%D8%B9%D8%B1%D9%88%D8%B3%DB%8C-%D9%88-%D8%AA%D9%88%D9%84%D8%AF-%D9%86%D9%88%D8%B2%D8%A7%D8%AF/QZx2fKuh,
فیلمبرداری عکاسی عروسی عقد فرمالیته تولد,https://divar.ir/v/%D9%81%DB%8C%D9%84%D9%85%D8%A8%D8%B1%D8%AF%D8%A7%D8%B1%DB%8C-%D8%B9%DA%A9%D8%A7%D8%B3%DB%8C-%D8%B9%D8%B1%D9%88%D8%B3%DB%8C-%D8%B9%D9%82%D8%AF-%D9%81%D8%B1%D9%85%D8%A7%D9%84%DB%8C%D8%AA%D9%87-%D8%AA%D9%88%D9%84%D8%AF/gZFsIDgJ,09124188431
عقد ، عروسی و تولد تشریفاتی در باغ تالار,https://divar.ir/v/%D8%B9%D9%82%D8%AF-%D8%B9%D8%B1%D9%88%D8%B3%DB%8C-%D9%88-%D8%AA%D9%88%D9%84%D8%AF-%D8%AA%D8%B4%D8%B1%DB%8C%D9%81%D8%A7%D8%AA%DB%8C-%D8%AF%D8%B1-%D8%A8%D8%A7%D8%BA-%D8%AA%D8%A7%D9%84%D8%A7%D8%B1/gZk0c5Zz,09109103336
چاپ بنر تولد بنر تسلیت بنر استندی فلکس تراکت کارت,https://divar.ir/v/%DA%86%D8%A7%D9%BE-%D8%A8%D9%86%D8%B1-%D8%AA%D9%88%D9%84%D8%AF-%D8%A8%D9%86%D8%B1-%D8%AA%D8%B3%D9%84%DB%8C%D8%AA-%D8%A8%D9%86%D8%B1-%D8%A7%D8%B3%D8%AA%D9%86%D8%AF%DB%8C-%D9%81%D9%84%DA%A9%D8%B3-%D8%AA%D8%B1%D8%A7%DA%A9%D8%AA-%DA%A9%D8%A7%D8%B1%D8%AA/QY2d1Jk4,02166377428
تم تولد inside out,https://divar.ir/v/%D8%AA%D9%85-%D8%AA%D9%88%D9%84%D8%AF-inside-out/wZdRMOJZ,09919227876
آموزش بادکنک آرایی و تم تولد,https://divar.ir/v/%D8%A2%D9%85%D9%88%D8%B2%D8%B4-%D8%A8%D8%A7%D8%AF%DA%A9%D9%86%DA%A9-%D8%A2%D8%B1%D8%A7%DB%8C%DB%8C-%D9%88-%D8%AA%D9%85-%D8%AA%D9%88%D9%84%D8%AF/wZdZbcIN,09196071803
دیجی مهمانی عروسی تولد dj کافه رستوران,https://divar.ir/v/%D8%AF%DB%8C%D8%AC%DB%8C-%D9%85%D9%87%D9%85%D8%A7%D9%86%DB%8C-%D8%B9%D8%B1%D9%88%D8%B3%DB%8C-%D8%AA%D9%88%D9%84%D8%AF-dj-%DA%A9%D8%A7%D9%81%D9%87-%D8%B1%D8%B3%D8%AA%D9%88%D8%B1%D8%A7%D9%86/wZUNs2dt,09035109505
کیک تولد خانگی,https://divar.ir/v/%DA%A9%DB%8C%DA%A9-%D8%AA%D9%88%D9%84%D8%AF-%D8%AE%D8%A7%D9%86%DA%AF%DB%8C/wZd1LhW6,
دکور یلدا بادکنک ارایی تولد افتتاحیه مغازه مهدکودک,https://divar.ir/v/%D8%AF%DA%A9%D9%88%D8%B1-%DB%8C%D9%84%D8%AF%D8%A7-%D8%A8%D8%A7%D8%AF%DA%A9%D9%86%DA%A9-%D8%A7%D8%B1%D8%A7%DB%8C%DB%8C-%D8%AA%D9%88%D9%84%D8%AF-%D8%A7%D9%81%D8%AA%D8%AA%D8%A7%D8%AD%DB%8C%D9%87-%D9%85%D8%BA%D8%A7%D8%B2%D9%87-%D9%85%D9%87%D8%AF%DA%A9%D9%88%D8%AF%DA%A9/wZdtbutE,09226639062
بادکنک تولد پر باد ۳ متری,https://divar.ir/v/%D8%A8%D8%A7%D8%AF%DA%A9%D9%86%DA%A9-%D8%AA%D9%88%D9%84%D8%AF-%D9%BE%D8%B1-%D8%A8%D8%A7%D8%AF-%DB%B3-%D9%85%D8%AA%D8%B1%DB%8C/wZdtbT5r,
بادکنک آرایی و دیزاین یلدا و تولد,https://divar.ir/v/%D8%A8%D8%A7%D8%AF%DA%A9%D9%86%DA%A9-%D8%A2%D8%B1%D8%A7%DB%8C%DB%8C-%D9%88-%D8%AF%DB%8C%D8%B2%D8%A7%DB%8C%D9%86-%DB%8C%D9%84%D8%AF%D8%A7-%D9%88-%D8%AA%D9%88%D9%84%D8%AF/wZdVL9TZ,09120457221
گیفت یلدا ، گیفت روززن ، دندونی ، تولد ، عروسی,https://divar.ir/v/%DA%AF%DB%8C%D9%81%D8%AA-%DB%8C%D9%84%D8%AF%D8%A7-%DA%AF%DB%8C%D9%81%D8%AA-%D8%B1%D9%88%D8%B2%D8%B2%D9%86-%D8%AF%D9%86%D8%AF%D9%88%D9%86%DB%8C-%D8%AA%D9%88%D9%84%D8%AF-%D8%B9%D8%B1%D9%88%D8%B3%DB%8C/wZdVbcHq,09907180485
بادکنک ارایی افتتاحیه تم تولد و شب یلدا,https://divar.ir/v/%D8%A8%D8%A7%D8%AF%DA%A9%D9%86%DA%A9-%D8%A7%D8%B1%D8%A7%DB%8C%DB%8C-%D8%A7%D9%81%D8%AA%D8%AA%D8%A7%D8%AD%DB%8C%D9%87-%D8%AA%D9%85-%D8%AA%D9%88%D9%84%D8%AF-%D9%88-%D8%B4%D8%A8-%DB%8C%D9%84%D8%AF%D8%A7/wZdRboPz,09054351922
باغ تالار.سالن عقد،نامزدی، تولد،تشریفات,https://divar.ir/v/%D8%A8%D8%A7%D8%BA-%D8%AA%D8%A7%D9%84%D8%A7%D8%B1-%D8%B3%D8%A7%D9%84%D9%86-%D8%B9%D9%82%D8%AF-%D9%86%D8%A7%D9%85%D8%B2%D8%AF%DB%8C-%D8%AA%D9%88%D9%84%D8%AF-%D8%AA%D8%B4%D8%B1%DB%8C%D9%81%D8%A7%D8%AA/gZjq6jZz,09121443896
سفارش کیک های عروسی ،تولد و ...,https://divar.ir/v/%D8%B3%D9%81%D8%A7%D8%B1%D8%B4-%DA%A9%DB%8C%DA%A9-%D9%87%D8%A7%DB%8C-%D8%B9%D8%B1%D9%88%D8%B3%DB%8C-%D8%AA%D9%88%D9%84%D8%AF-%D9%88/wZ90NZUj,
اجاره سالن مراسم جشن تعیین جنسیت و تولد کودک,https://divar.ir/v/%D8%A7%D8%AC%D8%A7%D8%B1%D9%87-%D8%B3%D8%A7%D9%84%D9%86-%D9%85%D8%B1%D8%A7%D8%B3%D9%85-%D8%AC%D8%B4%D9%86-%D8%AA%D8%B9%DB%8C%DB%8C%D9%86-%D8%AC%D9%86%D8%B3%DB%8C%D8%AA-%D9%88-%D8%AA%D9%88%D9%84%D8%AF-%DA%A9%D9%88%D8%AF%DA%A9/wZdlKSch,
خدمات بادکنک آرایی و دیزاین تولد,https://divar.ir/v/%D8%AE%D8%AF%D9%85%D8%A7%D8%AA-%D8%A8%D8%A7%D8%AF%DA%A9%D9%86%DA%A9-%D8%A2%D8%B1%D8%A7%DB%8C%DB%8C-%D9%88-%D8%AF%DB%8C%D8%B2%D8%A7%DB%8C%D9%86-%D8%AA%D9%88%D9%84%D8%AF/gZW9LPCs,09215830775
ارائه عکاسی تولد و تیزرتولد(سناریو),https://divar.ir/v/%D8%A7%D8%B1%D8%A7%D8%A6%D9%87-%D8%B9%DA%A9%D8%A7%D8%B3%DB%8C-%D8%AA%D9%88%D9%84%D8%AF-%D9%88-%D8%AA%DB%8C%D8%B2%D8%B1%D8%AA%D9%88%D9%84%D8%AF-%D8%B3%D9%86%D8%A7%D8%B1%DB%8C%D9%88/wZ5srzIz,09194562605
عکاسی فیلمبرداری مراسم عقد بله برون تولد عکاس خانم,https://divar.ir/v/%D8%B9%DA%A9%D8%A7%D8%B3%DB%8C-%D9%81%DB%8C%D9%84%D9%85%D8%A8%D8%B1%D8%AF%D8%A7%D8%B1%DB%8C-%D9%85%D8%B1%D8%A7%D8%B3%D9%85-%D8%B9%D9%82%D8%AF-%D8%A8%D9%84%D9%87-%D8%A8%D8%B1%D9%88%D9%86-%D8%AA%D9%88%D9%84%D8%AF-%D8%B9%DA%A9%D8%A7%D8%B3-%D8%AE%D8%A7%D9%86%D9%85/wZPA52Z3,09303915159
خریدگوسفند پرواری مناسب تولد نوزاد عروسی چاق زنده,https://divar.ir/v/%D8%AE%D8%B1%DB%8C%D8%AF%DA%AF%D9%88%D8%B3%D9%81%D9%86%D8%AF-%D9%BE%D8%B1%D9%88%D8%A7%D8%B1%DB%8C-%D9%85%D9%86%D8%A7%D8%B3%D8%A8-%D8%AA%D9%88%D9%84%D8%AF-%D9%86%D9%88%D8%B2%D8%A7%D8%AF-%D8%B9%D8%B1%D9%88%D8%B3%DB%8C-%DA%86%D8%A7%D9%82-%D8%B2%D9%86%D8%AF%D9%87/gZw_0t5L,09924999048
کارت دعوت تولد,https://divar.ir/v/%DA%A9%D8%A7%D8%B1%D8%AA-%D8%AF%D8%B9%D9%88%D8%AA-%D8%AA%D9%88%D9%84%D8%AF/wZdFajAw,09192004592
تشریفات و ظروف کرایه بله برون تولد نامزدی,https://divar.ir/v/%D8%AA%D8%B4%D8%B1%DB%8C%D9%81%D8%A7%D8%AA-%D9%88-%D8%B8%D8%B1%D9%88%D9%81-%DA%A9%D8%B1%D8%A7%DB%8C%D9%87-%D8%A8%D9%84%D9%87-%D8%A8%D8%B1%D9%88%D9%86-%D8%AA%D9%88%D9%84%D8%AF-%D9%86%D8%A7%D9%85%D8%B2%D8%AF%DB%8C/QZskEOos,09195830945
اجاره سالن تشریفات تولد،نامزدی،عروسی،عقد,https://divar.ir/v/%D8%A7%D8%AC%D8%A7%D8%B1%D9%87-%D8%B3%D8%A7%D9%84%D9%86-%D8%AA%D8%B4%D8%B1%DB%8C%D9%81%D8%A7%D8%AA-%D8%AA%D9%88%D9%84%D8%AF-%D9%86%D8%A7%D9%85%D8%B2%D8%AF%DB%8C-%D8%B9%D8%B1%D9%88%D8%B3%DB%8C-%D8%B9%D9%82%D8%AF/AZa5KrX-,09129621002
ریسه بادکنک تم تولد تدی کرم سبز آبی,https://divar.ir/v/%D8%B1%DB%8C%D8%B3%D9%87-%D8%A8%D8%A7%D8%AF%DA%A9%D9%86%DA%A9-%D8%AA%D9%85-%D8%AA%D9%88%D9%84%D8%AF-%D8%AA%D8%AF%DB%8C-%DA%A9%D8%B1%D9%85-%D8%B3%D8%A8%D8%B2-%D8%A2%D8%A8%DB%8C/wZd5538C,09119290108
بادکنک آرایی و تم تولد بزرگسال و کودک اجرای دکور,https://divar.ir/v/%D8%A8%D8%A7%D8%AF%DA%A9%D9%86%DA%A9-%D8%A2%D8%B1%D8%A7%DB%8C%DB%8C-%D9%88-%D8%AA%D9%85-%D8%AA%D9%88%D9%84%D8%AF-%D8%A8%D8%B2%D8%B1%DA%AF%D8%B3%D8%A7%D9%84-%D9%88-%DA%A9%D9%88%D8%AF%DA%A9-%D8%A7%D8%AC%D8%B1%D8%A7%DB%8C-%D8%AF%DA%A9%D9%88%D8%B1/gZLC5FPK,09336447854
دیجی saw .عروسی تولد و...,https://divar.ir/v/%D8%AF%DB%8C%D8%AC%DB%8C-saw-%D8%B9%D8%B1%D9%88%D8%B3%DB%8C-%D8%AA%D9%88%D9%84%D8%AF-%D9%88/wZdtJvEE,09191998750
باغ تالار خدمات مجالس عروسی،تولد،عقد،نامزدی,https://divar.ir/v/%D8%A8%D8%A7%D8%BA-%D8%AA%D8%A7%D9%84%D8%A7%D8%B1-%D8%AE%D8%AF%D9%85%D8%A7%D8%AA-%D9%85%D8%AC%D8%A7%D9%84%D8%B3-%D8%B9%D8%B1%D9%88%D8%B3%DB%8C-%D8%AA%D9%88%D9%84%D8%AF-%D8%B9%D9%82%D8%AF-%D9%86%D8%A7%D9%85%D8%B2%D8%AF%DB%8C/gZxTrO7v,09926105443
دیجی dj مراسم اجاره سالن مناسب تولد و نامزدی,https://divar.ir/v/%D8%AF%DB%8C%D8%AC%DB%8C-dj-%D9%85%D8%B1%D8%A7%D8%B3%D9%85-%D8%A7%D8%AC%D8%A7%D8%B1%D9%87-%D8%B3%D8%A7%D9%84%D9%86-%D9%85%D9%86%D8%A7%D8%B3%D8%A8-%D8%AA%D9%88%D9%84%D8%AF-%D9%88-%D9%86%D8%A7%D9%85%D8%B2%D8%AF%DB%8C/gZqDLZy5,09213310317
بادکنک آرایی و تم تولد,https://divar.ir/v/%D8%A8%D8%A7%D8%AF%DA%A9%D9%86%DA%A9-%D8%A2%D8%B1%D8%A7%DB%8C%DB%8C-%D9%88-%D8%AA%D9%85-%D8%AA%D9%88%D9%84%D8%AF/wZdZpw_T,09125372098
عکاسی تخصصی عقد/بله برون/تولد/بارداری/کودک,https://divar.ir/v/%D8%B9%DA%A9%D8%A7%D8%B3%DB%8C-%D8%AA%D8%AE%D8%B5%D8%B5%DB%8C-%D8%B9%D9%82%D8%AF-%D8%A8%D9%84%D9%87-%D8%A8%D8%B1%D9%88%D9%86-%D8%AA%D9%88%D9%84%D8%AF-%D8%A8%D8%A7%D8%B1%D8%AF%D8%A7%D8%B1%DB%8C-%DA%A9%D9%88%D8%AF%DA%A9/gZd7m3gw,09198932351
دیجیDJ مهمانی ضرب وتمپو مراسم تولد نامزدی دورهمی,https://divar.ir/v/%D8%AF%DB%8C%D8%AC%DB%8Cdj-%D9%85%D9%87%D9%85%D8%A7%D9%86%DB%8C-%D8%B6%D8%B1%D8%A8-%D9%88%D8%AA%D9%85%D9%BE%D9%88-%D9%85%D8%B1%D8%A7%D8%B3%D9%85-%D8%AA%D9%88%D9%84%D8%AF-%D9%86%D8%A7%D9%85%D8%B2%D8%AF%DB%8C-%D8%AF%D9%88%D8%B1%D9%87%D9%85%DB%8C/wZDkJGeI,09901233206
گروه سورپرایز تولد سورپرایز سالگرد سوپرایز تلفنی,https://divar.ir/v/%DA%AF%D8%B1%D9%88%D9%87-%D8%B3%D9%88%D8%B1%D9%BE%D8%B1%D8%A7%DB%8C%D8%B2-%D8%AA%D9%88%D9%84%D8%AF-%D8%B3%D9%88%D8%B1%D9%BE%D8%B1%D8%A7%DB%8C%D8%B2-%D8%B3%D8%A7%D9%84%DA%AF%D8%B1%D8%AF-%D8%B3%D9%88%D9%BE%D8%B1%D8%A7%DB%8C%D8%B2-%D8%AA%D9%84%D9%81%D9%86%DB%8C/wZCNCMd2,09333282157
کیک یلدا و کیک تولد و شیرینی خاستگاری,https://divar.ir/v/%DA%A9%DB%8C%DA%A9-%DB%8C%D9%84%D8%AF%D8%A7-%D9%88-%DA%A9%DB%8C%DA%A9-%D8%AA%D9%88%D9%84%D8%AF-%D9%88-%D8%B4%DB%8C%D8%B1%DB%8C%D9%86%DB%8C-%D8%AE%D8%A7%D8%B3%D8%AA%DA%AF%D8%A7%D8%B1%DB%8C/wZdJ5Dra,
تشریفات مجالس،باغ تالار،سالن اجتماعات،جشن تولد,https://divar.ir/v/%D8%AA%D8%B4%D8%B1%DB%8C%D9%81%D8%A7%D8%AA-%D9%85%D8%AC%D8%A7%D9%84%D8%B3-%D8%A8%D8%A7%D8%BA-%D8%AA%D8%A7%D9%84%D8%A7%D8%B1-%D8%B3%D8%A7%D9%84%D9%86-%D8%A7%D8%AC%D8%AA%D9%85%D8%A7%D8%B9%D8%A7%D8%AA-%D8%AC%D8%B4%D9%86-%D8%AA%D9%88%D9%84%D8%AF/gZLeMkeA,09128944859
بادکنک آرایی.تم تولد.افتتاحیه.دکور تولد,https://divar.ir/v/%D8%A8%D8%A7%D8%AF%DA%A9%D9%86%DA%A9-%D8%A2%D8%B1%D8%A7%DB%8C%DB%8C-%D8%AA%D9%85-%D8%AA%D9%88%D9%84%D8%AF-%D8%A7%D9%81%D8%AA%D8%AA%D8%A7%D8%AD%DB%8C%D9%87-%D8%AF%DA%A9%D9%88%D8%B1-%D8%AA%D9%88%D9%84%D8%AF/QY3W0NGi,
Djتولد عروسی دورهمی,https://divar.ir/v/dj%D8%AA%D9%88%D9%84%D8%AF-%D8%B9%D8%B1%D9%88%D8%B3%DB%8C-%D8%AF%D9%88%D8%B1%D9%87%D9%85%DB%8C/gZZ2EP7S,09123027212
بارمن بارتندر مهمانی تولد نوشیدنی تشریفات,https://divar.ir/v/%D8%A8%D8%A7%D8%B1%D9%85%D9%86-%D8%A8%D8%A7%D8%B1%D8%AA%D9%86%D8%AF%D8%B1-%D9%85%D9%87%D9%85%D8%A7%D9%86%DB%8C-%D8%AA%D9%88%D9%84%D8%AF-%D9%86%D9%88%D8%B4%DB%8C%D8%AF%D9%86%DB%8C-%D8%AA%D8%B4%D8%B1%DB%8C%D9%81%D8%A7%D8%AA/wZGkfvL6,09124071182
دی جی مهمانی و تولد-نامزدی,https://divar.ir/v/%D8%AF%DB%8C-%D8%AC%DB%8C-%D9%85%D9%87%D9%85%D8%A7%D9%86%DB%8C-%D9%88-%D8%AA%D9%88%D9%84%D8%AF-%D9%86%D8%A7%D9%85%D8%B2%D8%AF%DB%8C/AYWiEsCp,
باغ تالار جشن عقد و عروسی و جشن تولد,https://divar.ir/v/%D8%A8%D8%A7%D8%BA-%D8%AA%D8%A7%D9%84%D8%A7%D8%B1-%D8%AC%D8%B4%D9%86-%D8%B9%D9%82%D8%AF-%D9%88-%D8%B9%D8%B1%D9%88%D8%B3%DB%8C-%D9%88-%D8%AC%D8%B4%D9%86-%D8%AA%D9%88%D9%84%D8%AF/gZFYxYbj,
اجاره سالن بله برون تولد نامزدی,https://divar.ir/v/%D8%A7%D8%AC%D8%A7%D8%B1%D9%87-%D8%B3%D8%A7%D9%84%D9%86-%D8%A8%D9%84%D9%87-%D8%A8%D8%B1%D9%88%D9%86-%D8%AA%D9%88%D9%84%D8%AF-%D9%86%D8%A7%D9%85%D8%B2%D8%AF%DB%8C/wZdpI6l4,09301309051
بادکنک آرایی و گل آرایی بله برون تولد,https://divar.ir/v/%D8%A8%D8%A7%D8%AF%DA%A9%D9%86%DA%A9-%D8%A2%D8%B1%D8%A7%DB%8C%DB%8C-%D9%88-%DA%AF%D9%84-%D8%A2%D8%B1%D8%A7%DB%8C%DB%8C-%D8%A8%D9%84%D9%87-%D8%A8%D8%B1%D9%88%D9%86-%D8%AA%D9%88%D9%84%D8%AF/wZddI2SB,09913394951
بادکنک تولد,https://divar.ir/v/%D8%A8%D8%A7%D8%AF%DA%A9%D9%86%DA%A9-%D8%AA%D9%88%D9%84%D8%AF/wZdpopq2,09123079410
عروسک خرس دو متری نو خارجی تدی شاسخین ولنتاین تولد,https://divar.ir/v/%D8%B9%D8%B1%D9%88%D8%B3%DA%A9-%D8%AE%D8%B1%D8%B3-%D8%AF%D9%88-%D9%85%D8%AA%D8%B1%DB%8C-%D9%86%D9%88-%D8%AE%D8%A7%D8%B1%D8%AC%DB%8C-%D8%AA%D8%AF%DB%8C-%D8%B4%D8%A7%D8%B3%D8%AE%DB%8C%D9%86-%D9%88%D9%84%D9%86%D8%AA%D8%A7%DB%8C%D9%86-%D8%AA%D9%88%D9%84%D8%AF/wZdhow4l,
تم تولد مدلی فوتبالی,https://divar.ir/v/%D8%AA%D9%85-%D8%AA%D9%88%D9%84%D8%AF-%D9%85%D8%AF%D9%84%DB%8C-%D9%81%D9%88%D8%AA%D8%A8%D8%A7%D9%84%DB%8C/wZdV4y_i,
اجاره سالن عقد،بله برون،تولد،دورهمی ونامزدی,https://divar.ir/v/%D8%A7%D8%AC%D8%A7%D8%B1%D9%87-%D8%B3%D8%A7%D9%84%D9%86-%D8%B9%D9%82%D8%AF-%D8%A8%D9%84%D9%87-%D8%A8%D8%B1%D9%88%D9%86-%D8%AA%D9%88%D9%84%D8%AF-%D8%AF%D9%88%D8%B1%D9%87%D9%85%DB%8C-%D9%88%D9%86%D8%A7%D9%85%D8%B2%D8%AF%DB%8C/gZWOu7km,
اجاره باغ خانوادگی جهت مراسم جشن تولد و نامزدی,https://divar.ir/v/%D8%A7%D8%AC%D8%A7%D8%B1%D9%87-%D8%A8%D8%A7%D8%BA-%D8%AE%D8%A7%D9%86%D9%88%D8%A7%D8%AF%DA%AF%DB%8C-%D8%AC%D9%87%D8%AA-%D9%85%D8%B1%D8%A7%D8%B3%D9%85-%D8%AC%D8%B4%D9%86-%D8%AA%D9%88%D9%84%D8%AF-%D9%88-%D9%86%D8%A7%D9%85%D8%B2%D8%AF%DB%8C/gZy2zQQW,09123200803
سیاه قلم طراحی چهره هدیه تولدسالگرد ازدواج ولنتاین,https://divar.ir/v/%D8%B3%DB%8C%D8%A7%D9%87-%D9%82%D9%84%D9%85-%D8%B7%D8%B1%D8%A7%D8%AD%DB%8C-%DA%86%D9%87%D8%B1%D9%87-%D9%87%D8%AF%DB%8C%D9%87-%D8%AA%D9%88%D9%84%D8%AF%D8%B3%D8%A7%D9%84%DA%AF%D8%B1%D8%AF-%D8%A7%D8%B2%D8%AF%D9%88%D8%A7%D8%AC-%D9%88%D9%84%D9%86%D8%AA%D8%A7%DB%8C%D9%86/wZdF4Jhn,
سالن اجتماعات،تولد،نامزدی،بله برون،عقدو عروسی,https://divar.ir/v/%D8%B3%D8%A7%D9%84%D9%86-%D8%A7%D8%AC%D8%AA%D9%85%D8%A7%D8%B9%D8%A7%D8%AA-%D8%AA%D9%88%D9%84%D8%AF-%D9%86%D8%A7%D9%85%D8%B2%D8%AF%DB%8C-%D8%A8%D9%84%D9%87-%D8%A8%D8%B1%D9%88%D9%86-%D8%B9%D9%82%D8%AF%D9%88-%D8%B9%D8%B1%D9%88%D8%B3%DB%8C/gZu0HtFj,
فروش اعداد تولد نئون رنگی با پلکسی خارجی,https://divar.ir/v/%D9%81%D8%B1%D9%88%D8%B4-%D8%A7%D8%B9%D8%AF%D8%A7%D8%AF-%D8%AA%D9%88%D9%84%D8%AF-%D9%86%D8%A6%D9%88%D9%86-%D8%B1%D9%86%DA%AF%DB%8C-%D8%A8%D8%A7-%D9%BE%D9%84%DA%A9%D8%B3%DB%8C-%D8%AE%D8%A7%D8%B1%D8%AC%DB%8C/wZqsD0wd,
اجاره کرایه میز سوارز تولد ال ای دی استیل سه تیکه,https://divar.ir/v/%D8%A7%D8%AC%D8%A7%D8%B1%D9%87-%DA%A9%D8%B1%D8%A7%DB%8C%D9%87-%D9%85%DB%8C%D8%B2-%D8%B3%D9%88%D8%A7%D8%B1%D8%B2-%D8%AA%D9%88%D9%84%D8%AF-%D8%A7%D9%84-%D8%A7%DB%8C-%D8%AF%DB%8C-%D8%A7%D8%B3%D8%AA%DB%8C%D9%84-%D8%B3%D9%87-%D8%AA%DB%8C%DA%A9%D9%87/wY4Nnp2z,09122033631
اجاره سالن تولد,https://divar.ir/v/%D8%A7%D8%AC%D8%A7%D8%B1%D9%87-%D8%B3%D8%A7%D9%84%D9%86-%D8%AA%D9%88%D9%84%D8%AF/wZdpX3S4,09388927457
اجاره استند عدد چراغدار تولد سن باکس بله برون,https://divar.ir/v/%D8%A7%D8%AC%D8%A7%D8%B1%D9%87-%D8%A7%D8%B3%D8%AA%D9%86%D8%AF-%D8%B9%D8%AF%D8%AF-%DA%86%D8%B1%D8%A7%D8%BA%D8%AF%D8%A7%D8%B1-%D8%AA%D9%88%D9%84%D8%AF-%D8%B3%D9%86-%D8%A8%D8%A7%DA%A9%D8%B3-%D8%A8%D9%84%D9%87-%D8%A8%D8%B1%D9%88%D9%86/AYgEEuxf,
اجاره تابلوی هپی برث دی نئون پلکسی تولد,https://divar.ir/v/%D8%A7%D8%AC%D8%A7%D8%B1%D9%87-%D8%AA%D8%A7%D8%A8%D9%84%D9%88%DB%8C-%D9%87%D9%BE%DB%8C-%D8%A8%D8%B1%D8%AB-%D8%AF%DB%8C-%D9%86%D8%A6%D9%88%D9%86-%D9%BE%D9%84%DA%A9%D8%B3%DB%8C-%D8%AA%D9%88%D9%84%D8%AF/QZWHoZ_0,09123778591
اجاره باند اسپیکرفلشخور رقص نور لیزر بلک لایت تولد,https://divar.ir/v/%D8%A7%D8%AC%D8%A7%D8%B1%D9%87-%D8%A8%D8%A7%D9%86%D8%AF-%D8%A7%D8%B3%D9%BE%DB%8C%DA%A9%D8%B1%D9%81%D9%84%D8%B4%D8%AE%D9%88%D8%B1-%D8%B1%D9%82%D8%B5-%D9%86%D9%88%D8%B1-%D9%84%DB%8C%D8%B2%D8%B1-%D8%A8%D9%84%DA%A9-%D9%84%D8%A7%DB%8C%D8%AA-%D8%AA%D9%88%D9%84%D8%AF/QZWb4To-,09123778591
لباس تولد لباس مجلسی لباس مجلسی کودک,https://divar.ir/v/%D9%84%D8%A8%D8%A7%D8%B3-%D8%AA%D9%88%D9%84%D8%AF-%D9%84%D8%A8%D8%A7%D8%B3-%D9%85%D8%AC%D9%84%D8%B3%DB%8C-%D9%84%D8%A8%D8%A7%D8%B3-%D9%85%D8%AC%D9%84%D8%B3%DB%8C-%DA%A9%D9%88%D8%AF%DA%A9/wZdlH3s-,
شیرینی و کیک تولد,https://divar.ir/v/%D8%B4%DB%8C%D8%B1%DB%8C%D9%86%DB%8C-%D9%88-%DA%A9%DB%8C%DA%A9-%D8%AA%D9%88%D9%84%D8%AF/wZdlXBve,
بارتندر باریستا بارمن فینگرفود تولد نمایشگاه,https://divar.ir/v/%D8%A8%D8%A7%D8%B1%D8%AA%D9%86%D8%AF%D8%B1-%D8%A8%D8%A7%D8%B1%DB%8C%D8%B3%D8%AA%D8%A7-%D8%A8%D8%A7%D8%B1%D9%85%D9%86-%D9%81%DB%8C%D9%86%DA%AF%D8%B1%D9%81%D9%88%D8%AF-%D8%AA%D9%88%D9%84%D8%AF-%D9%86%D9%85%D8%A7%DB%8C%D8%B4%DA%AF%D8%A7%D9%87/wZBBYSrN,09397998924
آموزش انواع کیک های تولد/نامزدی,https://divar.ir/v/%D8%A2%D9%85%D9%88%D8%B2%D8%B4-%D8%A7%D9%86%D9%88%D8%A7%D8%B9-%DA%A9%DB%8C%DA%A9-%D9%87%D8%A7%DB%8C-%D8%AA%D9%88%D9%84%D8%AF-%D9%86%D8%A7%D9%85%D8%B2%D8%AF%DB%8C/QZ76rCyr,09166068227
کیک تولد خانگی,https://divar.ir/v/%DA%A9%DB%8C%DA%A9-%D8%AA%D9%88%D9%84%D8%AF-%D8%AE%D8%A7%D9%86%DA%AF%DB%8C/wZdVHpQk,
بادکنک آرایی یلدا، تولد ، افتتاحیه,https://divar.ir/v/%D8%A8%D8%A7%D8%AF%DA%A9%D9%86%DA%A9-%D8%A2%D8%B1%D8%A7%DB%8C%DB%8C-%DB%8C%D9%84%D8%AF%D8%A7-%D8%AA%D9%88%D9%84%D8%AF-%D8%A7%D9%81%D8%AA%D8%AA%D8%A7%D8%AD%DB%8C%D9%87/wZdJXeTh,
کیک تولد,https://divar.ir/v/%DA%A9%DB%8C%DA%A9-%D8%AA%D9%88%D9%84%D8%AF/wZdFX9q1,09908522430
اجاره سالن جشن(عروسی نامزدی عقد تولد),https://divar.ir/v/%D8%A7%D8%AC%D8%A7%D8%B1%D9%87-%D8%B3%D8%A7%D9%84%D9%86-%D8%AC%D8%B4%D9%86-%D8%B9%D8%B1%D9%88%D8%B3%DB%8C-%D9%86%D8%A7%D9%85%D8%B2%D8%AF%DB%8C-%D8%B9%D9%82%D8%AF-%D8%AA%D9%88%D9%84%D8%AF/gZMms_oN,09125262011
ظروف کرایه/نامزدی/تولد/اجاره صندلی/عقد بله برون,https://divar.ir/v/%D8%B8%D8%B1%D9%88%D9%81-%DA%A9%D8%B1%D8%A7%DB%8C%D9%87-%D9%86%D8%A7%D9%85%D8%B2%D8%AF%DB%8C-%D8%AA%D9%88%D9%84%D8%AF-%D8%A7%D8%AC%D8%A7%D8%B1%D9%87-%D8%B5%D9%86%D8%AF%D9%84%DB%8C-%D8%B9%D9%82%D8%AF-%D8%A8%D9%84%D9%87-%D8%A8%D8%B1%D9%88%D9%86/gZcRHdQv,09120890556
دیجی عقدعروسیDJتولدکافه0تا100 مراسماتون .توضیحات,https://divar.ir/v/%D8%AF%DB%8C%D8%AC%DB%8C-%D8%B9%D9%82%D8%AF%D8%B9%D8%B1%D9%88%D8%B3%DB%8Cdj%D8%AA%D9%88%D9%84%D8%AF%DA%A9%D8%A7%D9%81%D9%870%D8%AA%D8%A7100-%D9%85%D8%B1%D8%A7%D8%B3%D9%85%D8%A7%D8%AA%D9%88%D9%86-%D8%AA%D9%88%D8%B6%DB%8C%D8%AD%D8%A7%D8%AA/gZw-pCJV,09129450359
اجاره میزسوارز.میزکیک.میزتولد.میزمهمونی و افتتاحیه,https://divar.ir/v/%D8%A7%D8%AC%D8%A7%D8%B1%D9%87-%D9%85%DB%8C%D8%B2%D8%B3%D9%88%D8%A7%D8%B1%D8%B2-%D9%85%DB%8C%D8%B2%DA%A9%DB%8C%DA%A9-%D9%85%DB%8C%D8%B2%D8%AA%D9%88%D9%84%D8%AF-%D9%85%DB%8C%D8%B2%D9%85%D9%87%D9%85%D9%88%D9%86%DB%8C-%D9%88-%D8%A7%D9%81%D8%AA%D8%AA%D8%A7%D8%AD%DB%8C%D9%87/wZH5ZWKc,
اجاره باغ،سالن تولد،نامزدی،عروسی،عقد,https://divar.ir/v/%D8%A7%D8%AC%D8%A7%D8%B1%D9%87-%D8%A8%D8%A7%D8%BA-%D8%B3%D8%A7%D9%84%D9%86-%D8%AA%D9%88%D9%84%D8%AF-%D9%86%D8%A7%D9%85%D8%B2%D8%AF%DB%8C-%D8%B9%D8%B1%D9%88%D8%B3%DB%8C-%D8%B9%D9%82%D8%AF/gZe3rHIC,09121443896
تم تولد سه سالگی,https://divar.ir/v/%D8%AA%D9%85-%D8%AA%D9%88%D9%84%D8%AF-%D8%B3%D9%87-%D8%B3%D8%A7%D9%84%DA%AF%DB%8C/wZdp2ibk,
شمع تولد همراه استند,https://divar.ir/v/%D8%B4%D9%85%D8%B9-%D8%AA%D9%88%D9%84%D8%AF-%D9%87%D9%85%D8%B1%D8%A7%D9%87-%D8%A7%D8%B3%D8%AA%D9%86%D8%AF/wZdpmbHo,
اجاره سالن مراسم تولد،عقد،نامزدی،عروسی,https://divar.ir/v/%D8%A7%D8%AC%D8%A7%D8%B1%D9%87-%D8%B3%D8%A7%D9%84%D9%86-%D9%85%D8%B1%D8%A7%D8%B3%D9%85-%D8%AA%D9%88%D9%84%D8%AF-%D8%B9%D9%82%D8%AF-%D9%86%D8%A7%D9%85%D8%B2%D8%AF%DB%8C-%D8%B9%D8%B1%D9%88%D8%B3%DB%8C/gZv7O1Pp,
تم تولد,https://divar.ir/v/%D8%AA%D9%85-%D8%AA%D9%88%D9%84%D8%AF/wZddGKZJ,09219286059
اعداد ۳و۲برای تولد سه سالگی و دو سالگی,https://divar.ir/v/%D8%A7%D8%B9%D8%AF%D8%A7%D8%AF-%DB%B3%D9%88%DB%B2%D8%A8%D8%B1%D8%A7%DB%8C-%D8%AA%D9%88%D9%84%D8%AF-%D8%B3%D9%87-%D8%B3%D8%A7%D9%84%DA%AF%DB%8C-%D9%88-%D8%AF%D9%88-%D8%B3%D8%A7%D9%84%DA%AF%DB%8C/wZdNGzhh,
بادکنک ارایی گل ارایی عددچراغدار‌ افتتاحیه تم تولد,https://divar.ir/v/%D8%A8%D8%A7%D8%AF%DA%A9%D9%86%DA%A9-%D8%A7%D8%B1%D8%A7%DB%8C%DB%8C-%DA%AF%D9%84-%D8%A7%D8%B1%D8%A7%DB%8C%DB%8C-%D8%B9%D8%AF%D8%AF%DA%86%D8%B1%D8%A7%D8%BA%D8%AF%D8%A7%D8%B1-%D8%A7%D9%81%D8%AA%D8%AA%D8%A7%D8%AD%DB%8C%D9%87-%D8%AA%D9%85-%D8%AA%D9%88%D9%84%D8%AF/QZRoIL2R,09917796658
کیکهای تولد (خونگی)فوندانتی و خامه ای,https://divar.ir/v/%DA%A9%DB%8C%DA%A9%D9%87%D8%A7%DB%8C-%D8%AA%D9%88%D9%84%D8%AF-%D8%AE%D9%88%D9%86%DA%AF%DB%8C-%D9%81%D9%88%D9%86%D8%AF%D8%A7%D9%86%D8%AA%DB%8C-%D9%88-%D8%AE%D8%A7%D9%85%D9%87-%D8%A7%DB%8C/wZd1lq51,
بادکنک ارایی تم تولد و افتتاحیه,https://divar.ir/v/%D8%A8%D8%A7%D8%AF%DA%A9%D9%86%DA%A9-%D8%A7%D8%B1%D8%A7%DB%8C%DB%8C-%D8%AA%D9%85-%D8%AA%D9%88%D9%84%D8%AF-%D9%88-%D8%A7%D9%81%D8%AA%D8%AA%D8%A7%D8%AD%DB%8C%D9%87/gZuonbD_,09123224337
اجاره سالن جشن مراسم نامزدی عقد عروسی و تولد,https://divar.ir/v/%D8%A7%D8%AC%D8%A7%D8%B1%D9%87-%D8%B3%D8%A7%D9%84%D9%86-%D8%AC%D8%B4%D9%86-%D9%85%D8%B1%D8%A7%D8%B3%D9%85-%D9%86%D8%A7%D9%85%D8%B2%D8%AF%DB%8C-%D8%B9%D9%82%D8%AF-%D8%B9%D8%B1%D9%88%D8%B3%DB%8C-%D9%88-%D8%AA%D9%88%D9%84%D8%AF/gZtCwf4S,09129239534
کرایه میز صندلی لوازم تولد نئونی تشریفات موزیک dj,https://divar.ir/v/%DA%A9%D8%B1%D8%A7%DB%8C%D9%87-%D9%85%DB%8C%D8%B2-%D8%B5%D9%86%D8%AF%D9%84%DB%8C-%D9%84%D9%88%D8%A7%D8%B2%D9%85-%D8%AA%D9%88%D9%84%D8%AF-%D9%86%D8%A6%D9%88%D9%86%DB%8C-%D8%AA%D8%B4%D8%B1%DB%8C%D9%81%D8%A7%D8%AA-%D9%85%D9%88%D8%B2%DB%8C%DA%A9-dj/wZi4W08J,09123707423
موزیک زندهdj دیجی تشریفات نوازنده تولد ارکسترمجالس,https://divar.ir/v/%D9%85%D9%88%D8%B2%DB%8C%DA%A9-%D8%B2%D9%86%D8%AF%D9%87dj-%D8%AF%DB%8C%D8%AC%DB%8C-%D8%AA%D8%B4%D8%B1%DB%8C%D9%81%D8%A7%D8%AA-%D9%86%D9%88%D8%A7%D8%B2%D9%86%D8%AF%D9%87-%D8%AA%D9%88%D9%84%D8%AF-%D8%A7%D8%B1%DA%A9%D8%B3%D8%AA%D8%B1%D9%85%D8%AC%D8%A7%D9%84%D8%B3/wZRhksp3,09169307011
دکور و دیزاین تولد کودک + سورپرایز,https://divar.ir/v/%D8%AF%DA%A9%D9%88%D8%B1-%D9%88-%D8%AF%DB%8C%D8%B2%D8%A7%DB%8C%D9%86-%D8%AA%D9%88%D9%84%D8%AF-%DA%A9%D9%88%D8%AF%DA%A9-%D8%B3%D9%88%D8%B1%D9%BE%D8%B1%D8%A7%DB%8C%D8%B2/wZdZFJp4,09231807221
هلیوم،بادکنک آرایی،گل ارایی،تم تولد،افتتاحیه,https://divar.ir/v/%D9%87%D9%84%DB%8C%D9%88%D9%85-%D8%A8%D8%A7%D8%AF%DA%A9%D9%86%DA%A9-%D8%A2%D8%B1%D8%A7%DB%8C%DB%8C-%DA%AF%D9%84-%D8%A7%D8%B1%D8%A7%DB%8C%DB%8C-%D8%AA%D9%85-%D8%AA%D9%88%D9%84%D8%AF-%D8%A7%D9%81%D8%AA%D8%AA%D8%A7%D8%AD%DB%8C%D9%87/wZWl__4M,09336122721
دیجی خانم/دی جی خانم/دورهمی تولد/عروسی,https://divar.ir/v/%D8%AF%DB%8C%D8%AC%DB%8C-%D8%AE%D8%A7%D9%86%D9%85-%D8%AF%DB%8C-%D8%AC%DB%8C-%D8%AE%D8%A7%D9%86%D9%85-%D8%AF%D9%88%D8%B1%D9%87%D9%85%DB%8C-%D8%AA%D9%88%D9%84%D8%AF-%D8%B9%D8%B1%D9%88%D8%B3%DB%8C/wZ8kJm69,09361850673
ریسه بادکنک مناسب تولد ویلدا,https://divar.ir/v/%D8%B1%DB%8C%D8%B3%D9%87-%D8%A8%D8%A7%D8%AF%DA%A9%D9%86%DA%A9-%D9%85%D9%86%D8%A7%D8%B3%D8%A8-%D8%AA%D9%88%D9%84%D8%AF-%D9%88%DB%8C%D9%84%D8%AF%D8%A7/wZdNVXPI,09052936383
مناسب برای تولد و یلدا,https://divar.ir/v/%D9%85%D9%86%D8%A7%D8%B3%D8%A8-%D8%A8%D8%B1%D8%A7%DB%8C-%D8%AA%D9%88%D9%84%D8%AF-%D9%88-%DB%8C%D9%84%D8%AF%D8%A7/wZd50x0e,
اجاره سالن اجتماعات مراسم تولد،عقد،نامزدی،عروسی,https://divar.ir/v/%D8%A7%D8%AC%D8%A7%D8%B1%D9%87-%D8%B3%D8%A7%D9%84%D9%86-%D8%A7%D8%AC%D8%AA%D9%85%D8%A7%D8%B9%D8%A7%D8%AA-%D9%85%D8%B1%D8%A7%D8%B3%D9%85-%D8%AA%D9%88%D9%84%D8%AF-%D8%B9%D9%82%D8%AF-%D9%86%D8%A7%D9%85%D8%B2%D8%AF%DB%8C-%D8%B9%D8%B1%D9%88%D8%B3%DB%8C/QZjr2FS6,09125944877
دی جی دیجی جشن تولد عروسی نامزدی عقد,https://divar.ir/v/%D8%AF%DB%8C-%D8%AC%DB%8C-%D8%AF%DB%8C%D8%AC%DB%8C-%D8%AC%D8%B4%D9%86-%D8%AA%D9%88%D9%84%D8%AF-%D8%B9%D8%B1%D9%88%D8%B3%DB%8C-%D9%86%D8%A7%D9%85%D8%B2%D8%AF%DB%8C-%D8%B9%D9%82%D8%AF/QZ9ntpHr,09031003118
لوله های مقوایی فویل و تم تولد,https://divar.ir/v/%D9%84%D9%88%D9%84%D9%87-%D9%87%D8%A7%DB%8C-%D9%85%D9%82%D9%88%D8%A7%DB%8C%DB%8C-%D9%81%D9%88%DB%8C%D9%84-%D9%88-%D8%AA%D9%85-%D8%AA%D9%88%D9%84%D8%AF/wZdpkEAr,09124053478
کیک تولد خانگی,https://divar.ir/v/%DA%A9%DB%8C%DA%A9-%D8%AA%D9%88%D9%84%D8%AF-%D8%AE%D8%A7%D9%86%DA%AF%DB%8C/wZOghDCv,09033641412
دیجی خانوم Dj تولد مراسم نامزدی,https://divar.ir/v/%D8%AF%DB%8C%D8%AC%DB%8C-%D8%AE%D8%A7%D9%86%D9%88%D9%85-dj-%D8%AA%D9%88%D9%84%D8%AF-%D9%85%D8%B1%D8%A7%D8%B3%D9%85-%D9%86%D8%A7%D9%85%D8%B2%D8%AF%DB%8C/wZQhSQEk,
اجاره سالن اجتماعات،تولدنامزدی،عروسی،تشریفات مجالس,https://divar.ir/v/%D8%A7%D8%AC%D8%A7%D8%B1%D9%87-%D8%B3%D8%A7%D9%84%D9%86-%D8%A7%D8%AC%D8%AA%D9%85%D8%A7%D8%B9%D8%A7%D8%AA-%D8%AA%D9%88%D9%84%D8%AF%D9%86%D8%A7%D9%85%D8%B2%D8%AF%DB%8C-%D8%B9%D8%B1%D9%88%D8%B3%DB%8C-%D8%AA%D8%B4%D8%B1%DB%8C%D9%81%D8%A7%D8%AA-%D9%85%D8%AC%D8%A7%D9%84%D8%B3/gZitdMEl,
عکاس پرتره ، عقد ، کودک ، فضای باز ، تولد,https://divar.ir/v/%D8%B9%DA%A9%D8%A7%D8%B3-%D9%BE%D8%B1%D8%AA%D8%B1%D9%87-%D8%B9%D9%82%D8%AF-%DA%A9%D9%88%D8%AF%DA%A9-%D9%81%D8%B6%D8%A7%DB%8C-%D8%A8%D8%A7%D8%B2-%D8%AA%D9%88%D9%84%D8%AF/wZNNmBD0,09109102291
تم تولد همه مدل زیر,https://divar.ir/v/%D8%AA%D9%85-%D8%AA%D9%88%D9%84%D8%AF-%D9%87%D9%85%D9%87-%D9%85%D8%AF%D9%84-%D8%B2%DB%8C%D8%B1/wZdV06b_,09189440277
بادکنک تولد,https://divar.ir/v/%D8%A8%D8%A7%D8%AF%DA%A9%D9%86%DA%A9-%D8%AA%D9%88%D9%84%D8%AF/wZdREw-L,09386128447
اجاره سالن عقد،بله برون،تولد،دورهمی ،نامزدهی,https://divar.ir/v/%D8%A7%D8%AC%D8%A7%D8%B1%D9%87-%D8%B3%D8%A7%D9%84%D9%86-%D8%B9%D9%82%D8%AF-%D8%A8%D9%84%D9%87-%D8%A8%D8%B1%D9%88%D9%86-%D8%AA%D9%88%D9%84%D8%AF-%D8%AF%D9%88%D8%B1%D9%87%D9%85%DB%8C-%D9%86%D8%A7%D9%85%D8%B2%D8%AF%D9%87%DB%8C/wZbZGb51,09199120214
اجاره باغ ویلا/روزانه/تولد/عقد/دورهمی مستقیم مالک,https://divar.ir/v/%D8%A7%D8%AC%D8%A7%D8%B1%D9%87-%D8%A8%D8%A7%D8%BA-%D9%88%DB%8C%D9%84%D8%A7-%D8%B1%D9%88%D8%B2%D8%A7%D9%86%D9%87-%D8%AA%D9%88%D9%84%D8%AF-%D8%B9%D9%82%D8%AF-%D8%AF%D9%88%D8%B1%D9%87%D9%85%DB%8C-%D9%85%D8%B3%D8%AA%D9%82%DB%8C%D9%85-%D9%85%D8%A7%D9%84%DA%A9/gZqzp_fZ,09123402839
کیک تولد,https://divar.ir/v/%DA%A9%DB%8C%DA%A9-%D8%AA%D9%88%D9%84%D8%AF/wZd5Dk8H,09034903916
پکیج عکاسی تخصصی کودک ،تولد ،بارداری ، رئال و دیگر,https://divar.ir/v/%D9%BE%DA%A9%DB%8C%D8%AC-%D8%B9%DA%A9%D8%A7%D8%B3%DB%8C-%D8%AA%D8%AE%D8%B5%D8%B5%DB%8C-%DA%A9%D9%88%D8%AF%DA%A9-%D8%AA%D9%88%D9%84%D8%AF-%D8%A8%D8%A7%D8%B1%D8%AF%D8%A7%D8%B1%DB%8C-%D8%B1%D8%A6%D8%A7%D9%84-%D9%88-%D8%AF%DB%8C%DA%AF%D8%B1/wZdxT7n9,09124094594
دیجی-تم تولد -تن پوش - حباب -گریم صورت,https://divar.ir/v/%D8%AF%DB%8C%D8%AC%DB%8C-%D8%AA%D9%85-%D8%AA%D9%88%D9%84%D8%AF-%D8%AA%D9%86-%D9%BE%D9%88%D8%B4-%D8%AD%D8%A8%D8%A7%D8%A8-%DA%AF%D8%B1%DB%8C%D9%85-%D8%B5%D9%88%D8%B1%D8%AA/gZbupdMr,09217679234
پیراهن تولد مزون دوز با تم پری دریایی,https://divar.ir/v/%D9%BE%DB%8C%D8%B1%D8%A7%D9%87%D9%86-%D8%AA%D9%88%D9%84%D8%AF-%D9%85%D8%B2%D9%88%D9%86-%D8%AF%D9%88%D8%B2-%D8%A8%D8%A7-%D8%AA%D9%85-%D9%BE%D8%B1%DB%8C-%D8%AF%D8%B1%DB%8C%D8%A7%DB%8C%DB%8C/wZdtzeU2,09122421302
ظروف کرایه اجاره صندلی تاشو میز تم تولد شیواری,https://divar.ir/v/%D8%B8%D8%B1%D9%88%D9%81-%DA%A9%D8%B1%D8%A7%DB%8C%D9%87-%D8%A7%D8%AC%D8%A7%D8%B1%D9%87-%D8%B5%D9%86%D8%AF%D9%84%DB%8C-%D8%AA%D8%A7%D8%B4%D9%88-%D9%85%DB%8C%D8%B2-%D8%AA%D9%85-%D8%AA%D9%88%D9%84%D8%AF-%D8%B4%DB%8C%D9%88%D8%A7%D8%B1%DB%8C/gZKaj5cD,09109291652
تم تولد ماینکرافت,https://divar.ir/v/%D8%AA%D9%85-%D8%AA%D9%88%D9%84%D8%AF-%D9%85%D8%A7%DB%8C%D9%86%DA%A9%D8%B1%D8%A7%D9%81%D8%AA/wZdhTmxi,
بادکنک آرایی تم تولد استند میز نئون,https://divar.ir/v/%D8%A8%D8%A7%D8%AF%DA%A9%D9%86%DA%A9-%D8%A2%D8%B1%D8%A7%DB%8C%DB%8C-%D8%AA%D9%85-%D8%AA%D9%88%D9%84%D8%AF-%D8%A7%D8%B3%D8%AA%D9%86%D8%AF-%D9%85%DB%8C%D8%B2-%D9%86%D8%A6%D9%88%D9%86/gZmKUwsm,
٪پخشگوسفند مناسب عروسی تولدبچه عقیه بره زنده٪,https://divar.ir/v/%D9%AA%D9%BE%D8%AE%D8%B4%DA%AF%D9%88%D8%B3%D9%81%D9%86%D8%AF-%D9%85%D9%86%D8%A7%D8%B3%D8%A8-%D8%B9%D8%B1%D9%88%D8%B3%DB%8C-%D8%AA%D9%88%D9%84%D8%AF%D8%A8%DA%86%D9%87-%D8%B9%D9%82%DB%8C%D9%87-%D8%A8%D8%B1%D9%87-%D8%B2%D9%86%D8%AF%D9%87%D9%AA/gZzDtsuo,
اجاره سالن بله برون نامزدی اجتماعات تولد کودک عقد,https://divar.ir/v/%D8%A7%D8%AC%D8%A7%D8%B1%D9%87-%D8%B3%D8%A7%D9%84%D9%86-%D8%A8%D9%84%D9%87-%D8%A8%D8%B1%D9%88%D9%86-%D9%86%D8%A7%D9%85%D8%B2%D8%AF%DB%8C-%D8%A7%D8%AC%D8%AA%D9%85%D8%A7%D8%B9%D8%A7%D8%AA-%D8%AA%D9%88%D9%84%D8%AF-%DA%A9%D9%88%D8%AF%DA%A9-%D8%B9%D9%82%D8%AF/gZxOuFDz,09125079019
عکاسی‌ آتلیه یلدا بارداری اسپرت تولد خانوادگی کودک,https://divar.ir/v/%D8%B9%DA%A9%D8%A7%D8%B3%DB%8C-%D8%A2%D8%AA%D9%84%DB%8C%D9%87-%DB%8C%D9%84%D8%AF%D8%A7-%D8%A8%D8%A7%D8%B1%D8%AF%D8%A7%D8%B1%DB%8C-%D8%A7%D8%B3%D9%BE%D8%B1%D8%AA-%D8%AA%D9%88%D9%84%D8%AF-%D8%AE%D8%A7%D9%86%D9%88%D8%A7%D8%AF%DA%AF%DB%8C-%DA%A9%D9%88%D8%AF%DA%A9/wZdNDyz4,09339833911
گل رز یلدایی ،تولد ، مناسبتی,https://divar.ir/v/%DA%AF%D9%84-%D8%B1%D8%B2-%DB%8C%D9%84%D8%AF%D8%A7%DB%8C%DB%8C-%D8%AA%D9%88%D9%84%D8%AF-%D9%85%D9%86%D8%A7%D8%B3%D8%A8%D8%AA%DB%8C/wZdNDekw,
اجاره‌ استند جایگاه بله برون عروس تولد و مهمانی,https://divar.ir/v/%D8%A7%D8%AC%D8%A7%D8%B1%D9%87-%D8%A7%D8%B3%D8%AA%D9%86%D8%AF-%D8%AC%D8%A7%DB%8C%DA%AF%D8%A7%D9%87-%D8%A8%D9%84%D9%87-%D8%A8%D8%B1%D9%88%D9%86-%D8%B9%D8%B1%D9%88%D8%B3-%D8%AA%D9%88%D9%84%D8%AF-%D9%88-%D9%85%D9%87%D9%85%D8%A7%D9%86%DB%8C/wZSVefHl,
تم تولد ، گل آرایی ، بادکنک ارایی ،تشریفات مراسم,https://divar.ir/v/%D8%AA%D9%85-%D8%AA%D9%88%D9%84%D8%AF-%DA%AF%D9%84-%D8%A2%D8%B1%D8%A7%DB%8C%DB%8C-%D8%A8%D8%A7%D8%AF%DA%A9%D9%86%DA%A9-%D8%A7%D8%B1%D8%A7%DB%8C%DB%8C-%D8%AA%D8%B4%D8%B1%DB%8C%D9%81%D8%A7%D8%AA-%D9%85%D8%B1%D8%A7%D8%B3%D9%85/wZUYtIsx,09391029091
